awardId,recipientName,recipientUei,awardingAgency,awardingSubAgency,awardAmount,totalOutlays,awardType,naicsCode,naicsDescription,pscCode,pscDescription,placeOfPerformanceState,placeOfPerformanceCountry,startDate,endDate,description,usaspendingUrl,scrapedAt
DENA0003525,"NATIONAL TECHNOLOGY & ENGINEERING SOLUTIONS OF SANDIA, LLC",LUJEPCRRT377,Department of Energy,Department of Energy,43198666451.99,26829292968.02,DEFINITIVE CONTRACT,561210,FACILITIES SUPPORT SERVICES,M1JZ,OPERATION OF MISCELLANEOUS BUILDINGS,NM,UNITED STATES,2017-01-18,2027-04-30,"IGF::CL,CT::IGF CONTRACT AWARD DE-NA0003525 TO THE NATIONAL TECHNOLOGY&ENGINEERING SOLUTIONS OF SANDIA, LLC (NTESS) FOR THE MANAGEMENT AND OPERATION OF THE DEPARTMENT OF ENERGY, NATIONAL NUCLEAR SECURITY ADMINISTRATION'S SANDIA NATIONAL LABORATORIES (SNL)",https://www.usaspending.gov/award/CONT_AWD_DENA0003525_8900_-NONE-_-NONE-,2026-09-25T12:38:19.046Z
89233218CNA000001,"TRIAD NATIONAL SECURITY, LLC",X7WUS5LRBQU3,Department of Energy,Department of Energy,35199796916.66,25313527566.11,DEFINITIVE CONTRACT,561210,FACILITIES SUPPORT SERVICES,M1JZ,OPERATION OF MISCELLANEOUS BUILDINGS,NM,UNITED STATES,2018-06-08,2028-10-31,IGF::CL::IGF COMPETITION FOR MANAGEMENT AND OPERATION OF LOS ALAMOS NATIONAL LABORATORY,https://www.usaspending.gov/award/CONT_AWD_89233218CNA000001_8900_-NONE-_-NONE-,2026-09-25T12:38:19.046Z
DENA0001942,"CONSOLIDATED NUCLEAR SECURITY, LLC",EWV8QKG1JUV7,Department of Energy,Department of Energy,34654023638.7,18438410702.06,DEFINITIVE CONTRACT,561210,FACILITIES SUPPORT SERVICES,M1JZ,OPERATION OF MISCELLANEOUS BUILDINGS,TN,UNITED STATES,2013-01-08,2027-09-30,"IGF::CL,CT::IGF MANAGEMENT AND OPERATING CONTRACT FOR Y-12 NATIONAL SECURITY COMPLEX, PANTEX PLANT, WITH AN OPTION FOR SAVANNAH RIVER TRITIUM OPERATIONS",https://www.usaspending.gov/award/CONT_AWD_DENA0001942_8900_-NONE-_-NONE-,2026-09-25T12:38:19.046Z
DEAC0205CH11231,THE REGENTS OF THE UNIVERSITY OF CALIFORNIA,PKK5TD16N4H1,Department of Energy,Department of Energy,19926468209.5,7583395009.8,DEFINITIVE CONTRACT,541710,"RESEARCH AND DEVELOPMENT IN THE PHYSICAL, ENGINEERING, AND LIFE SCIENCES",M181,OPER OF GOVT R&D GOCO FACILITIES,CA,UNITED STATES,2005-06-01,2030-05-31,"THIS PERFORMANCE-BASED MANAGEMENT CONTRACT (PBMC) IS FOR THE MANAGEMENT AND OPERATION OF THE ERNEST ORLANDO LAWRENCE BERKELEY NATIONAL LABORATORY (LBNL).  THE CONTRACTOR SHALL, IN ACCORDANCE WITH THE PROVISIONS OF THIS CONTRACT, ACCOMPLISH THE MISSIONS AND PROGRAMS ASSIGNED BY THE U.S. DEPARTMENT OF ENERGY (DOE) AND MANAGE AND OPERATE THE LABORATORY.  THE LABORATORY IS ONE OF THE DOE?S OFFICE OF SCIENCE (SC) MULTI-PROGRAM LABORATORIES.  THE LABORATORY IS A FEDERALLY FUNDED RESEARCH AND DEVELOPMENT CENTER (FFRDC) ESTABLISHED IN ACCORDANCE WITH THE FEDERAL ACQUISITION REGULATION (FAR) PART 35 AND OPERATED UNDER THIS MANAGEMENT AND OPERATING (M&O) CONTRACT, AS DEFINED IN FAR 17.6 AND DEAR 917.6.",https://www.usaspending.gov/award/CONT_AWD_DEAC0205CH11231_8900_-NONE-_-NONE-,2026-09-25T12:38:19.046Z
DEAC3608GO28308,"ALLIANCE FOR ENERGY INNOVATION, LLC",DVGLNXBURMP3,Department of Energy,Department of Energy,11062841994.16,4477224662.23,DEFINITIVE CONTRACT,541711,RESEARCH AND DEVELOPMENT IN BIOTECHNOLOGY,M181,OPER OF GOVT R&D GOCO FACILITIES,CO,UNITED STATES,2008-07-29,2028-09-30,AWARD OF CONTRACT TO MANAGE AND OPERATE THE NATIONAL RENEWABLE ENERGY LABORATORY,https://www.usaspending.gov/award/CONT_AWD_DEAC3608GO28308_8900_-NONE-_-NONE-,2026-09-25T12:38:19.046Z
NSFDACS1219442,"LEIDOS, INC.",X38JVP4R72E1,National Science Foundation,National Science Foundation,3278904845.58,1163783350.21,DEFINITIVE CONTRACT,561210,FACILITIES SUPPORT SERVICES,M1HA,OPERATION OF GOVERNMENT-OWNED CONTRACTOR-OPERATED (GOCO) R&D FACILITIES,,ANTARCTICA,2011-12-23,2027-09-30,SCIENCE OPERATION AND MAINTENANCE SUPPORT FOR THE UNITED STATES ANTARCTIC PROGRAM,https://www.usaspending.gov/award/CONT_AWD_NSFDACS1219442_4900_-NONE-_-NONE-,2026-09-25T12:38:19.046Z
89303723FEM400292,"SAVANNAH RIVER MISSION COMPLETION, LLC",C32KCWJ94LY8,Department of Energy,Department of Energy,2605706613.28,2174503006.8,DELIVERY ORDER,562910,REMEDIATION SERVICES,R499,SUPPORT- PROFESSIONAL: OTHER,SC,UNITED STATES,2023-10-01,2031-10-26,THIS AWARD IS FOR THE SAVANNAH RIVER INTEGRATED MISSION COMPLETION CONTRACT - TASK ORDER 6 (LIQUID WASTE OPERATIONS).,https://www.usaspending.gov/award/CONT_AWD_89303723FEM400292_8900_89303322DEM000068_8900,2026-09-25T12:38:19.046Z
693KA821F00222,HARRIS CORPORATION,E98VT6T8R7E1,Department of Transportation,Federal Aviation Administration,2310378128.88,1589314378.31,DELIVERY ORDER,517310,TELECOMMUNICATIONS RESELLERS,DG11,IT and Telecom - Network: Satellite Communications and Telecom Access Services,DC,UNITED STATES,2021-07-01,2024-09-30,THE PURPOSE OF THIS DELIVERY ORDER AWARD IS TO ADD FUNDING FOR FTI TELECOMMUNICATIONS SERVICES.,https://www.usaspending.gov/award/CONT_AWD_693KA821F00222_6920_DTFA0102D03006_6920,2026-09-25T12:38:19.046Z
DEAC0209CH11466,THE TRUSTEES OF PRINCETON UNIVERSITY,NJ1YPQXQG7U5,Department of Energy,Department of Energy,2201533469.29,1041556632.12,DEFINITIVE CONTRACT,611310,"COLLEGES, UNIVERSITIES, AND PROFESSIONAL SCHOOLS",M181,OPER OF GOVT R&D GOCO FACILITIES,NJ,UNITED STATES,2009-01-31,2032-03-31,MANAGEMENT AND OPERATING CONTRACT FOR THE OPERATION OF THE PRINCETON PLASMA PHYSICS LABORATORY (PPPL),https://www.usaspending.gov/award/CONT_AWD_DEAC0209CH11466_8900_-NONE-_-NONE-,2026-09-25T12:38:19.046Z
80MSFC23CA014,"BLUE ORIGIN MANUFACTURING, LLC",RAR2RMTVZYX3,National Aeronautics and Space Administration,National Aeronautics and Space Administration,2192010424.8,1346450487.6,DEFINITIVE CONTRACT,541715,"RESEARCH AND DEVELOPMENT IN THE PHYSICAL, ENGINEERING, AND LIFE SCIENCES (EXCEPT NANOTECHNOLOGY AND BIOTECHNOLOGY)",AR12,"SPACE R&D SERVICES; SPACE FLIGHT, RESEARCH AND SUPPORTING ACTIVITIES; APPLIED RESEARCH",AL,UNITED STATES,2023-05-18,2032-04-03,RAPID DDT&E AND DEMONSTRATION OF S SUSTAINABLE HUMAN LANDING SYSTEM INTEGRATED LANDER.,https://www.usaspending.gov/award/CONT_AWD_80MSFC23CA014_8000_-NONE-_-NONE-,2026-09-25T12:38:19.046Z
NNH15CN76C,NORTHROP GRUMMAN SYSTEMS CORPORATION,Q11ZHUFBW741,National Aeronautics and Space Administration,National Aeronautics and Space Administration,1780030031.31,1553985989.76,DEFINITIVE CONTRACT,541712,"RESEARCH AND DEVELOPMENT IN THE PHYSICAL, ENGINEERING, AND LIFE SCIENCES (EXCEPT BIOTECHNOLOGY)",AR21,R&D- SPACE: SCIENCE/APPLICATIONS (BASIC RESEARCH),VA,UNITED STATES,2015-09-03,2029-05-31,"IGF::OT::IGF NEXTSTEP NRA AWARD.  THIS NEXTSTEP CONTRACT BUILDS UPON THE SUCCESS OF COMMERCIAL ORBITAL TRANSPORTATION SERVICES SPACE ACT AGREEMENT DEVELOPMENT PROGRAM AND AN EXISTING INTERNATIONAL SPACE STATION (ISS) COMMERCIAL RESUPPLY SERVICES (CRS) CONTRACT. ORBITAL HAS SUCCESSFULLY TRANSITIONED FROM COTS TO THE CRS PROGRAM, FLYING THREE VERY SUCCESSFUL PRESSURIZED CARGO RESUPPLY MISSIONS TO THE ISS, USING THE CYGNUS SPACECRAFT. ORBITAL ALSO SUCCESSFULLY DEVELOPED SPACECRAFT FOR SOLAR SYSTEM EXPLORATION TO INCLUDE THE CURRENTLY OPERATIONAL DAWN MISSION. THIS MISSION WAS LAUNCHED IN SEPTEMBER 2007, COMPLETED ITS RENDEZVOUS MISSION AT VESTA IN JULY 2012 AND IS EN ROUTE TO CERES IN EARLY 2015.  WITH SPACE AGENCY BUDGETS CONTINUING TO BE TIGHT, EXPLORATION PLANS NEED TO EMPHASIZE EVOLUTION OF EXISTING SYSTEMS, WHERE COST AND SCHEDULE IS BETTER CONTROLLED, AND DEVELOPMENT RISK REDUCED. SPECIFICALLY, ELEMENTS OF THE CURRENT ISS, INCLUDING CYGNUS, CAN BE EVOLVED TO SUPPORT MORE DISTANT SPACE DESTINATIONS. TO SUPPORT THESE ENDEAVORS, ORBITAL CONTRIBUTES TO THE DEVELOPMENT AND PRODUCT IMPROVEMENT OF CYGNUS AND TO NEXTSTEP ACTIVITIES AND HAVE INVESTED IN THE COTS CRS PUBLIC-PRIVATE PARTNERSHIP ENDEAVOR.  ORBITAL'S EXPLORATION AUGMENTATION MODULE (BAM) ARCHITECTURE USES A MODULAR, BUILDING BLOCK APPROACH THAT LEVERAGES THE CYGNUS SPACECRAFT TO EXPAND CISLUNAR AND LONG DURATION DEEP SPACE TRANSIT HABITATION CAPABILITIES AND TECHNOLOGIES CRITICAL TO NASAS LONG-TERM EXPLORATION GOALS.  ORBITALS ARCHITECTURE CONCEPT BLENDS IN-PRODUCTION HARDWARE WITH ADAPTATION, EVOLUTION, PLANNING, AND FORWARD THINKING. CYGNUS WILL SERVE AS A MODULAR HABITAT AND TEST PLATFORM FOR QUALIFYING TECHNOLOGIES IN A DISTANT RETROGRADE ORBIT (DRO) OR IN A LOW EARTH ORBIT (LEO), EITHER WHILE ATTACHED TO THE ISS OR AS A FREE-FLYER. USING THE EXISTING, OPERATIONAL CYGNUS TO PERFORM THESE MISSIONS HAS THE ADVANTAGE OF DECREASING OVERALL DEVELOPMENT TIME AND COSTS, AND FREEING UP RESOURCES THAT WOULD BE SPENT ON DEVELOPING A SPACECRAFT TO FOCUS ON CULTIVATING MISSION ENABLING TECHNOLOGIES.  THE GOAL IS TO HAVE A CYGNUS DERIVED EAM DEPLOYED IN CISLUNAR SPACE BEFORE 2020. THIS SPACECRAFT WILL BE THE FIRST BUILDING BLOCK IN SUPPORTING BOTH COMMERCIAL MARKETS AND GOVERNMENT OBJECTIVES. THE PROPOSED EFFORT FOR THIS NEXTSTEP BAA PHASE I, INVOLVES DEFINING AN EAM ARCHITECTURE AND CONCEPT OF OPERATIONS (CONOPS) THAT ADDRESSES COMMERCIAL MARKETS AND NASA EXPLORATION OBJECTIVES, TECHNOLOGY MATURATION PLANNING AND INFRASTRUCTURE DEVELOPMENT, AND TO IDENTIFY TECHNOLOGIES THAT CAN BE IMPLEMENTED AND DEMONSTRATED IN THE ISSILEO ENVIRONMENT WITHIN THE NEXT THREE YEARS.  TO MATURE HABITATION TECHNOLOGIES, THE CONTRACTOR WILL IDENTIFY STATE OF THE ART (SOA) TECHNOLOGIES ACROSS NASA TECHNOLOGY AREAS (TAS) DEFINED IN THE NASA TECHNOLOGY ROADMAP.  FOCUS WILL BE ON MATURATION OF THE FOLLOWING TECHNOLOGIES    ENVIRONMENTAL CONTROL AND LIFE SUPPORT SYSTEMS    ENVIRONMENTAL MONITORING    SAFETY AND EMERGENCY RESPONSE AND HABITATION    THERMAL CONTROL SYSTEMS    AUTONOMOUS HABITATION SYSTEMS    NAVIGATION    SYSTEMS MANAGEMENT    DOCKING AND CAPTURE    MECHANISMS AND DEPLOYABLE HABITATION ELEMENTS",https://www.usaspending.gov/award/CONT_AWD_NNH15CN76C_8000_-NONE-_-NONE-,2026-09-25T12:38:19.046Z
89303321CEM000080,"BATTELLE SAVANNAH RIVER ALLIANCE, LLC",KNXDWU1G3E81,Department of Energy,Department of Energy,1643484968.75,1273140564.14,DEFINITIVE CONTRACT,541715,"RESEARCH AND DEVELOPMENT IN THE PHYSICAL, ENGINEERING, AND LIFE SCIENCES (EXCEPT NANOTECHNOLOGY AND BIOTECHNOLOGY)",AJ12,GENERAL SCIENCE AND TECHNOLOGY R&D SERVICES; GENERAL SCIENCE AND TECHNOLOGY; APPLIED RESEARCH,SC,UNITED STATES,2021-02-16,2030-02-15,SAVANNAH RIVER NATIONAL LABORATORY MANAGEMENT AND OPERATING (M&O) CONTRACT,https://www.usaspending.gov/award/CONT_AWD_89303321CEM000080_8900_-NONE-_-NONE-,2026-09-25T12:38:19.046Z
NAS503127,"ASSOCIATION OF UNIVERSITIES FOR RESEARCH IN ASTRONOMY, INC.",W1NBN156CYF9,National Aeronautics and Space Administration,National Aeronautics and Space Administration,1616643260.86,817918882.17,DEFINITIVE CONTRACT,541710,"RESEARCH AND DEVELOPMENT IN THE PHYSICAL, ENGINEERING, AND LIFE SCIENCES",AR45,"R&D- SPACE: OPERATIONS, TRACKING AND DATA ACQUISITION (OPERATIONAL SYSTEMS DEVELOPMENT)",MD,UNITED STATES,2003-10-01,2027-06-25,"THE PRIMARY ACTIVITIES COVERED BY THIS EFFORT SPAN THE MAJOR PHASES OF THE MISSION BEGINNING WITH FORMULATION THROUGH DEVELOPMENT AND TESTING, AND ENDING ONE YEAR AFTER LAUNCH WITH THE INITIATION OF THE JAMES WEBB SPACE TELESCOPE (JWST) SCIENCE PROGRAM. THESE MAJOR ACTIVITIES ARE SEPARATED INTO THE BASELINE PROGRAM AND SPECIAL STUDIES. THE BASELINE PROGRAM INCLUDES: A. MISSION REQUIREMENTS ANALYSIS AND OBSERVATORY/MISSION DESIGN SUPPORT INCLUDING: TRADESTUDY GENERATION, SCIENCE AND OPERATIONS IMPACT ANALYSIS, SCIENCE SYSTEMS ENGINEERING SUPPORT, AND DESIGN REFERENCE MISSION ANALYSIS. B. GROUND SEGMENT DEVELOPMENT, TESTING, MAINTENANCE AND OPERATIONS INCLUDING: OPERATIONS SUPPORT OF SI, FGS, ISIM, AND OBSERVATORY INTEGRATION AND TEST (I&T), MISSION SIMULATIONS, AND DOCUMENTATION MAINTENANCE, AS WELL AS LOW COST OPERATIONS CONCEPTS. C. SCIENCE PROGRAM IMPLEMENTATION INCLUDING: MISSION PLANNING SUPPORT, SCIENCE PROGRAM DEFINITION SUPPORT, PROPOSAL MANAGEMENT AND USER GRANT ADMINISTRATION, OBSERVER ASSISTANCE, SCIENCE COMMUNITY OUTREACH, AND STAFF RESEARCH. D. COMMISSIONING PERIOD AND ROUTINE SCIENCE OPERATIONS INCLUDING: PROPOSAL GENERATION, OBSERVATION PLANNING AND SCHEDULING, OBSERVING AND USER SUPPORT, DATA PROCESSING AND PRODUCT GENERATION, ARCHIVAL AND DATA DISTRIBUTION SERVICES, CALIBRATION ASSISTANCE AND DATA ANALYSIS, AND ENGINEERING OPERATIONS SUPPORT. E. FLIGHT OPERATIONS INCLUDING: SUBSYSTEM (INCLUDING INSTRUMENTS) HEALTH AND SAFETY MONITORING, COMMAND GENERATION AND UPLOAD, SCHEDULE EXECUTION ASSURANCE, TRENDING, AND ANOMALY INVESTIGATION. F. SUPPORT AND EXECUTION OF THE ON-ORBIT COMMISSIONING PROGRAM. G. GENERATION OF PERFORMANCE, SCIENCE RETURN, AND OTHER PERTINENT INFORMATIONAL REPORTS TO THE JWST PROJECT. H. ASTRONOMICAL COMMUNITY AND GENERAL PUBLIC/EDUCATIONAL OUTREACH. EXAMPLES OF SPECIAL PROJECT ACTIVITIES MAY INCLUDE: A. FOLLOW-ON MISSION STUDIES. B. ENGINEERING NECESSARY TO RESPOND TO NEW JWST PROJECT TASKS.",https://www.usaspending.gov/award/CONT_AWD_NAS503127_8000_-NONE-_-NONE-,2026-09-25T12:38:19.046Z
NNJ10TB01C,"HAMILTON SUNDSTRAND SPACE SYSTEMS INTERNATIONAL, INC.",LFZJHMW3EJ39,National Aeronautics and Space Administration,National Aeronautics and Space Administration,1507665745.1,726405252.35,DEFINITIVE CONTRACT,336419,OTHER GUIDED MISSILE AND SPACE VEHICLE PARTS AND AUXILIARY EQUIPMENT MANUFACTURING,1820,SPACE VEHICLE COMPONENTS,TX,UNITED STATES,2010-10-01,2027-09-30,EXTRAVEHICULAR SPACE OPERATIONS CONTRACT (ESOC),https://www.usaspending.gov/award/CONT_AWD_NNJ10TB01C_8000_-NONE-_-NONE-,2026-09-25T12:38:19.046Z
80MSFC22F0048,THE JOHNS HOPKINS UNIVERSITY APPLIED PHYSICS LABORATORY LLC,C1HBCJ9RMBV3,National Aeronautics and Space Administration,National Aeronautics and Space Administration,1338710271,1177929515.47,DELIVERY ORDER,541715,"RESEARCH AND DEVELOPMENT IN THE PHYSICAL, ENGINEERING, AND LIFE SCIENCES (EXCEPT NANOTECHNOLOGY AND BIOTECHNOLOGY)",AR11,"SPACE R&D SERVICES; SPACE FLIGHT, RESEARCH AND SUPPORTING ACTIVITIES; BASIC RESEARCH",MD,UNITED STATES,2022-03-04,2028-08-31,"DRAGONFLY EXTENDED PHASE B MISSION UNDER 80MSFC20D0004 AEROSPACE RESEARCH, DEVELOPMENT AND ENGINEERING SUPPORT (ARDES) II.",https://www.usaspending.gov/award/CONT_AWD_80MSFC22F0048_8000_80MSFC20D0004_8000,2026-09-25T12:38:19.046Z
47QFCA22F0047,BOOZ ALLEN HAMILTON INC,JCBMLGPE6Z71,General Services Administration,Federal Acquisition Service,1288575063.78,-5684.7,DELIVERY ORDER,541330,ENGINEERING SERVICES,R499,SUPPORT- PROFESSIONAL: OTHER,VA,UNITED STATES,2022-09-06,2027-09-05,TASK ORDER AWARD,https://www.usaspending.gov/award/CONT_AWD_47QFCA22F0047_4732_GS00Q14OADU108_4732,2026-09-25T12:38:19.046Z
47QFCA21F0001,SCIENCE APPLICATIONS INTERNATIONAL CORPORATION,MMLKPW9JLX64,General Services Administration,Federal Acquisition Service,1205937997.76,-280276.75,DELIVERY ORDER,541512,COMPUTER SYSTEMS DESIGN SERVICES,DA01,IT AND TELECOM - BUSINESS APPLICATION/APPLICATION DEVELOPMENT SUPPORT SERVICES (LABOR),VA,UNITED STATES,2020-11-30,2026-11-27,THE SCOPE OF THE TO IS TO PROVIDE ENTERPRISE IT SERVICES FOR THE USACE.,https://www.usaspending.gov/award/CONT_AWD_47QFCA21F0001_4732_47QTCK18D0001_4732,2026-09-25T12:38:19.046Z
36C10G26K0300,TRIWEST HEALTHCARE ALLIANCE CORP,J7M9HPTGJ1S9,Department of Veterans Affairs,Department of Veterans Affairs,1200153022.86,,DELIVERY ORDER,524114,DIRECT HEALTH AND MEDICAL INSURANCE CARRIERS,G007,SOCIAL- GOVERNMENT HEALTH INSURANCE PROGRAMS,VA,UNITED STATES,2026-08-01,2026-08-31,EXPRESS REPORT: AUGUST 2026,https://www.usaspending.gov/award/CONT_AWD_36C10G26K0300_3600_36C10G19D0038_3600,2026-09-25T12:38:19.046Z
89243318CFE000003,"LEIDOS, INC.",MYKLJHTX3MM7,Department of Energy,Department of Energy,1082206149,802845422.24,DEFINITIVE CONTRACT,541715,"RESEARCH AND DEVELOPMENT IN THE PHYSICAL, ENGINEERING, AND LIFE SCIENCES (EXCEPT NANOTECHNOLOGY AND BIOTECHNOLOGY)",R425,SUPPORT- PROFESSIONAL: ENGINEERING/TECHNICAL,WV,UNITED STATES,2018-12-31,2028-12-30,RESEARCH SUPPORT SERVICES (RSS),https://www.usaspending.gov/award/CONT_AWD_89243318CFE000003_8900_-NONE-_-NONE-,2026-09-25T12:38:19.046Z
91003119F0003,ACCENTURE FEDERAL SERVICES LLC,C47BNA8GM833,Department of Education,Department of Education,942639630.41,926648833.26,DELIVERY ORDER,541512,COMPUTER SYSTEMS DESIGN SERVICES,R415,SUPPORT- PROFESSIONAL: TECHNOLOGY SHARING/UTILIZATION,VA,UNITED STATES,2019-02-20,2027-02-19,"THIS TASK ORDER IS FOR AN ENTERPRISE-WIDE DIGITAL AND CUSTOMER CARE PLATFORMS AND SERVICES SOLUTION (ENTERPRISE-WIDE DIGITAL AND CUSTOMER CARE SOLUTION, AKA EWDCCPS, AKA DCC) THAT WILL ENABLE AN FSA-BRANDED OMNI-CHANNEL ENGAGEMENT APPROACH LED BY A MOBILE-FIRST, MOBILE-COMPLETE, AND MOBILE-CONTINUOUS DIGITAL PLATFORM SUPPORTING THE COMPLETE LIFECYCLE OF STUDENT FINANCING.",https://www.usaspending.gov/award/CONT_AWD_91003119F0003_9100_HHSN316201200002W_7529,2026-09-25T12:38:19.046Z
DEAC0504OR22860,"ISOTEK SYSTEMS, LLC",WJZ8KR7KSA33,Department of Energy,Department of Energy,925174733.99,323046375.11,DEFINITIVE CONTRACT,561990,ALL OTHER SUPPORT SERVICES,Z235,MAINT-REP-ALT/EPG - NUCLEAR,TN,UNITED STATES,2003-10-09,2028-12-31,"U-233 DISPOSITION AND BUILDING 3019-PLANNING AND DESIGN (PHASE I) FOR PROCESSING OF MATERIAL, BUILDING SHUTDOWN (PHASES II AND III)",https://www.usaspending.gov/award/CONT_AWD_DEAC0504OR22860_8900_-NONE-_-NONE-,2026-09-25T12:38:19.046Z
693KA721C00014,"LEIDOS, INC.",UE9QJD4KK1L6,Department of Transportation,Federal Aviation Administration,922108549.66,771906634.62,DEFINITIVE CONTRACT,518210,"COMPUTING INFRASTRUCTURE PROVIDERS, DATA PROCESSING, WEB HOSTING, AND RELATED SERVICES",K017,"MODIFICATION OF EQUIPMENT- AIRCRAFT LAUNCHING, LANDING, AND GROUND HANDLING EQUIPMENT",MD,UNITED STATES,2021-06-15,2041-05-24,"THE PURPOSE OF THIS CONTRACT IS TO ENHANCE AND MAINTAIN THE EN ROUTE AUTOMATION AND MODERNIZATION (ERAM), INCLUDING THE EN ROUTE INFORMATION DISPLAY SYSTEM (ERIDS), AND TO PRODUCE, IMPLEMENT, AND PROVIDE SUPPORT FOR A LIMITED NUMBER OF ERAM/ERIDS SYS",https://www.usaspending.gov/award/CONT_AWD_693KA721C00014_6920_-NONE-_-NONE-,2026-09-25T12:38:19.046Z
DOCYA132316CN0017,"MAXIMUS FEDERAL SERVICES, INC.",TREKW6J3QSF5,Department of Commerce,U.S. Census Bureau,911041760.54,363276144.4,DEFINITIVE CONTRACT,519190,ALL OTHER INFORMATION SERVICES,D318,"IT AND TELECOM- INTEGRATED HARDWARE/SOFTWARE/SERVICES SOLUTIONS, PREDOMINANTLY SERVICES",MD,UNITED STATES,2016-07-11,2021-06-14,IGF::OT::IGF   2020 CENSUS QUESTIONNAIRE ASSISTANCE (2020 CQA),https://www.usaspending.gov/award/CONT_AWD_DOCYA132316CN0017_1323_-NONE-_-NONE-,2026-09-25T12:38:19.046Z
47QFRA24F0005,"CACI, INC. - FEDERAL",N3PBJAVNKF61,General Services Administration,Federal Acquisition Service,908805023.76,0,DELIVERY ORDER,541512,COMPUTER SYSTEMS DESIGN SERVICES,DA01,IT AND TELECOM - BUSINESS APPLICATION/APPLICATION DEVELOPMENT SUPPORT SERVICES (LABOR),VA,UNITED STATES,2024-05-01,2027-04-30,CDM DEFEND GROUP A  BRIDGE TASK ORDER,https://www.usaspending.gov/award/CONT_AWD_47QFRA24F0005_4732_47QTCK18D0009_4732,2026-09-25T12:38:19.046Z
47QFCA23F0036,HII MISSION TECHNOLOGIES CORP,G5H7HWC4L2R5,General Services Administration,Federal Acquisition Service,895165732,0,DELIVERY ORDER,541330,ENGINEERING SERVICES,R499,SUPPORT- PROFESSIONAL: OTHER,VA,UNITED STATES,2023-07-07,2028-07-06,THE PURPOSE OF THIS ACTION IS TO AWARD A TASK ORDER - JOINT NETWORK OF ENGINEERING AND EMERGING OPERATIONS (JNEEO),https://www.usaspending.gov/award/CONT_AWD_47QFCA23F0036_4732_47QFCA22D0303_4732,2026-09-25T12:38:19.046Z
EDFSA13C0021,"MAXIMUS FEDERAL SERVICES, INC.",TREKW6J3QSF5,Department of Education,Department of Education,892727843.7,544217555.62,DEFINITIVE CONTRACT,522110,COMMERCIAL BANKING,R710,SUPPORT- MANAGEMENT: FINANCIAL,VA,UNITED STATES,2013-09-27,2026-07-31,DEBT MANAGEMENT AND COLLECTIONS SYSTEM (DMCS) IGF::CT::IGF,https://www.usaspending.gov/award/CONT_AWD_EDFSA13C0021_9100_-NONE-_-NONE-,2026-09-25T12:38:19.046Z
47QFCA24F0020,"SALIENT CRGT, INC.",Q5LJNF15T2R5,General Services Administration,Federal Acquisition Service,890266179.32,0,DELIVERY ORDER,541512,COMPUTER SYSTEMS DESIGN SERVICES,R499,SUPPORT- PROFESSIONAL: OTHER,VA,UNITED STATES,2024-05-17,2029-05-16,"THE PURPOSE OF THIS MODIFICATION IS TO AWARD THE TASK ORDER MAVERICK, AND PROVIDE INCREMENTAL FUNDING.",https://www.usaspending.gov/award/CONT_AWD_47QFCA24F0020_4732_47QTCK18D0060_4732,2026-09-25T12:38:19.046Z
DJJODT7C0003,"THE GEO GROUP, INC.",JMLKZZ1NL2Z6,Department of Justice,U.S. Marshals Service,805680038.72,89177335.77,DEFINITIVE CONTRACT,922190,"OTHER JUSTICE, PUBLIC ORDER, AND SAFETY ACTIVITIES",R499,SUPPORT- PROFESSIONAL: OTHER,TX,UNITED STATES,2007-04-20,2030-09-30,DETENTION SERVICES - SAN DIEGO,https://www.usaspending.gov/award/CONT_AWD_DJJODT7C0003_1501_-NONE-_-NONE-,2026-09-25T12:38:19.046Z
75FCMC22C0037,"PALMETTO GBA, LLC",CFLDECZBMDV6,Department of Health and Human Services,Centers for Medicare and Medicaid Services,792506917,572093357.81,DEFINITIVE CONTRACT,524114,DIRECT HEALTH AND MEDICAL INSURANCE CARRIERS,G007,SOCIAL- GOVERNMENT HEALTH INSURANCE PROGRAMS,SC,UNITED STATES,2022-09-30,2029-08-31,PART A/PART B MEDICARE ADMINISTRATIVE CONTRACTOR (MAC) JURISDICTION M (JM),https://www.usaspending.gov/award/CONT_AWD_75FCMC22C0037_7530_-NONE-_-NONE-,2026-09-25T12:38:19.046Z
693KA822C00001,THE MITRE CORPORATION,DMHDNDCPWUD1,Department of Transportation,Federal Aviation Administration,790973934.1,699185117.77,DEFINITIVE CONTRACT,541330,ENGINEERING SERVICES,R425,SUPPORT- PROFESSIONAL: ENGINEERING/TECHNICAL,VA,UNITED STATES,2021-10-20,2030-03-31,"CAASD MUST PROVIDE ESSENTIAL ENGINEERING, RESEARCH, AND ANALYSIS CAPABILITIES TO SUPPORT THE FAA IN THE PERFORMANCE OF ITS MISSION THROUGH A SYSTEMS APPROACH THAT ADDRESSES ALL DIMENSIONS (E.G. POLITICAL, OPERATIONAL, ECONOMIC, TECHNICAL) REQUIRED TO",https://www.usaspending.gov/award/CONT_AWD_693KA822C00001_6920_-NONE-_-NONE-,2026-09-25T12:38:19.046Z
70T05021F5900N002,"COVENANT AVIATION SECURITY, LLC",C8GANE5B4W83,Department of Homeland Security,Transportation Security Administration,775760871.57,455303357.22,DELIVERY ORDER,561612,SECURITY GUARDS AND PATROL SERVICES,S206,HOUSEKEEPING- GUARD,CA,UNITED STATES,2021-02-06,2026-10-31,TASK ORDER TO SUPPORT SECURITY SCREENING SERVICES AT SFO AIRPORT.,https://www.usaspending.gov/award/CONT_AWD_70T05021F5900N002_7013_HSTS0516DSPP906_7013,2026-09-25T12:38:19.046Z
36C10X26N0032,QTC MEDICAL SERVICES INC,GN8YP96TMPK6,Department of Veterans Affairs,Department of Veterans Affairs,770312385.78,222099750.75,DELIVERY ORDER,621111,OFFICES OF PHYSICIANS (EXCEPT MENTAL HEALTH SPECIALISTS),Q403,MEDICAL- EVALUATION/SCREENING,TX,UNITED STATES,2026-01-01,2026-12-31,FY26 FUNDING MEDICAL DISABILITY EXAMINATIONS,https://www.usaspending.gov/award/CONT_AWD_36C10X26N0032_3600_36C10X25D0003_3600,2026-09-25T12:38:19.046Z
75N99022F00003,HENSEL PHELPS CONSTRUCTION CO,GPYDJ1NKULS8,Department of Health and Human Services,National Institutes of Health,765208357,615608097.65,DELIVERY ORDER,236220,COMMERCIAL AND INSTITUTIONAL BUILDING CONSTRUCTION,Y1JZ,CONSTRUCTION OF MISCELLANEOUS BUILDINGS,MD,UNITED STATES,2022-03-22,2029-01-25,"C103157: SURGERY, RADIOLOGY, AND LABORATORY MEDICINE (SRLM) BUILDING CONSTRUCTION",https://www.usaspending.gov/award/CONT_AWD_75N99022F00003_7529_75N99019D00016_7529,2026-09-25T12:38:19.046Z
36C10X26N0040,LOYAL SOURCE GOVERNMENT SERVICES LLC,Y54FQAPG4TN5,Department of Veterans Affairs,Department of Veterans Affairs,760312385.78,252072715.34,DELIVERY ORDER,621111,OFFICES OF PHYSICIANS (EXCEPT MENTAL HEALTH SPECIALISTS),Q403,MEDICAL- EVALUATION/SCREENING,FL,UNITED STATES,2026-01-01,2026-12-31,MEDICAL DISABILITY EXAMINATIONS - TO FY26 FUNDING,https://www.usaspending.gov/award/CONT_AWD_36C10X26N0040_3600_36C10X25D0001_3600,2026-09-25T12:38:19.046Z
47QFCA24F0043,HII MISSION TECHNOLOGIES CORP,G5H7HWC4L2R5,General Services Administration,Federal Acquisition Service,748509476.7,0,DELIVERY ORDER,541990,"ALL OTHER PROFESSIONAL, SCIENTIFIC, AND TECHNICAL SERVICES",R499,SUPPORT- PROFESSIONAL: OTHER,VA,UNITED STATES,2024-09-16,2027-09-15,AWARD LOGISTICS INTELLIGENCE SURVEILLANCE AND RECONNAISSANCE ISR AND NEXTGEN TECHNOLOGY (LOGIX),https://www.usaspending.gov/award/CONT_AWD_47QFCA24F0043_4732_47QFCA22D0401_4732,2026-09-25T12:38:19.046Z
693KA923F00076,PTSI MANAGED SERVICES INC,V6HHNX7LE717,Department of Transportation,Federal Aviation Administration,726000647.53,290175308.77,DELIVERY ORDER,541990,"ALL OTHER PROFESSIONAL, SCIENTIFIC, AND TECHNICAL SERVICES",C1BZ,ARCHITECT AND ENGINEERING- CONSTRUCTION: OTHER AIRFIELD STRUCTURES,DC,UNITED STATES,2023-03-30,2030-04-05,THE T5 CONTRACT WILL SUPPORT IMPLEMENTATION OF THE FEDERAL AVIATION ADMINISTRATION AVIATION CIP AND CERTAIN REIMBURSABLE PROGRAMS INCLUDING THOSE ARISING FROM AIP APPROPRIATIONS AND OTHER DIRECTLY FUNDED AND REIMBURSABLE PROJECTS,https://www.usaspending.gov/award/CONT_AWD_693KA923F00076_6920_693KA923D00005_6920,2026-09-25T12:38:19.046Z
47QFCA25F0009,SCIENCE APPLICATIONS INTERNATIONAL CORPORATION,MMLKPW9JLX64,General Services Administration,Federal Acquisition Service,722434469.16,0,DELIVERY ORDER,541330,ENGINEERING SERVICES,R499,SUPPORT- PROFESSIONAL: OTHER,AL,UNITED STATES,2025-03-13,2027-09-14,SYSTEM SOFTWARE LIFECYCLE ENGINEERING SSLE,https://www.usaspending.gov/award/CONT_AWD_47QFCA25F0009_4732_47QFCA22D0337_4732,2026-09-25T12:38:19.046Z
693KA826F00088,"ROHDE & SCHWARZ USA, INC.",F4FLM3NP2N46,Department of Transportation,Federal Aviation Administration,637469681.87,75391185.23,DELIVERY ORDER,334210,TELEPHONE APPARATUS MANUFACTURING,7G21,IT AND TELECOM - NETWORK: DIGITAL NETWORK PRODUCTS (HARDWARE AND PERPETUAL LICENSE SOFTWARE),MD,UNITED STATES,2026-03-19,2028-02-28,DELIVERY ORDER FOR SUPPLIES AND SERVICES FOR VOICE COMMUNICATION SYSTEMS (VCS'). THIS DELIVERY ORDER DEFINITIZES LETTER CONTRACT 693KA8-25-C-00010 IN ACCORDANCE WITH THE TERMS AND CONDITIONS OF IDIQ CONTRACT 693KA8-26-D-00002.,https://www.usaspending.gov/award/CONT_AWD_693KA826F00088_6920_693KA826D00002_6920,2026-09-25T12:38:19.046Z
693KA825C00011,"FREQUENTIS USA, INC",P35CUAWMBQ19,Department of Transportation,Federal Aviation Administration,593614334.79,66232243.58,DEFINITIVE CONTRACT,334210,TELEPHONE APPARATUS MANUFACTURING,7G21,IT AND TELECOM - NETWORK: DIGITAL NETWORK PRODUCTS (HARDWARE AND PERPETUAL LICENSE SOFTWARE),MD,UNITED STATES,2025-03-01,2026-10-31,PROJECT LIFT VCS LETTER CONTRACT FOR MODERNIZATION OF FAA VCS' IN THE NAS WHICH INCLUDES REPLACEMENT OF VCS' DEPENDENT ON TDM TECHNOLOGY TO VCS' THAT ARE IP CAPABLE.,https://www.usaspending.gov/award/CONT_AWD_693KA825C00011_6920_-NONE-_-NONE-,2026-09-25T12:38:19.046Z
DJJODT8C0005,"THE GEO GROUP, INC.",JMLKZZ1NL2Z6,Department of Justice,U.S. Marshals Service,568057994.73,58347671.98,DEFINITIVE CONTRACT,922190,"OTHER JUSTICE, PUBLIC ORDER, AND SAFETY ACTIVITIES",R499,SUPPORT- PROFESSIONAL: OTHER,GA,UNITED STATES,2008-01-09,2026-10-31,DETENTION SERVICES,https://www.usaspending.gov/award/CONT_AWD_DJJODT8C0005_1501_-NONE-_-NONE-,2026-09-25T12:38:19.046Z
75FCMC25FJ022,"GENERAL DYNAMICS INFORMATION TECHNOLOGY, INC.",SMNWM6HN79X5,Department of Health and Human Services,Centers for Medicare and Medicaid Services,566353431,200084190.03,DELIVERY ORDER,541512,COMPUTER SYSTEMS DESIGN SERVICES,DC10,IT AND TELECOM - DATA CENTER AS A SERVICE,MD,UNITED STATES,2025-02-20,2027-06-30,"THE CLOUD PRODUCTS AND TOOLS (CPT) CONTRACT IS USED TO PROVIDE CLOUD-BASED INFRASTRUCTURE FROM COMMERCIAL CLOUD SERVICE PROVIDERS (CSP) SUCH AS MICROSOFT AZURE GOVERNMENT (MAG) AND AMAZON WEB SERVICES (AWS), AS WELL AS SOFTWARE, HARDWARE, TOOLS, PROF",https://www.usaspending.gov/award/CONT_AWD_75FCMC25FJ022_7530_47QTCK18D0003_4732,2026-09-25T12:38:19.046Z
DJJODT8C0001,"CORECIVIC, INC.",HJGMJN1JKL46,Department of Justice,U.S. Marshals Service,561540735.12,63853385.77,DEFINITIVE CONTRACT,922190,"OTHER JUSTICE, PUBLIC ORDER, AND SAFETY ACTIVITIES",R499,SUPPORT- PROFESSIONAL: OTHER,NV,UNITED STATES,2008-05-19,2030-09-30,"DETENTION SERVICES - LAS VERGAS, NV",https://www.usaspending.gov/award/CONT_AWD_DJJODT8C0001_1501_-NONE-_-NONE-,2026-09-25T12:38:19.046Z
36C10B21N10050019,TISTA SCIENCE AND TECHNOLOGY CORPORATION,L73LKJ1JCVM7,Department of Veterans Affairs,Department of Veterans Affairs,553314914.84,408796436.13,DELIVERY ORDER,541512,COMPUTER SYSTEMS DESIGN SERVICES,DC01,IT AND TELECOM - DATA CENTER SUPPORT SERVICES (LABOR),TX,UNITED STATES,2021-09-29,2027-03-28,FRANCHISE FUND SUPPORT SERVICES,https://www.usaspending.gov/award/CONT_AWD_36C10B21N10050019_3600_VA11816D1005_3600,2026-09-25T12:38:19.046Z
70T04025C7672N001,"LEIDOS, INC.",UE9QJD4KK1L6,Department of Homeland Security,Transportation Security Administration,457768635.89,101698655.92,DEFINITIVE CONTRACT,811210,ELECTRONIC AND PRECISION EQUIPMENT REPAIR AND MAINTENANCE,J063,"MAINT/REPAIR/REBUILD OF EQUIPMENT- ALARM, SIGNAL, AND SECURITY DETECTION SYSTEMS",VA,UNITED STATES,2025-01-01,2027-03-31,CHECKPOINT MAINTENANCE,https://www.usaspending.gov/award/CONT_AWD_70T04025C7672N001_7013_-NONE-_-NONE-,2026-09-25T12:38:19.046Z
89243525CCR000073,"STRATEGIC STORAGE PARTNERS, LLC.",SJ65WNKH1WA4,Department of Energy,Department of Energy,430092546.47,129861855.06,DEFINITIVE CONTRACT,561210,FACILITIES SUPPORT SERVICES,R799,SUPPORT- MANAGEMENT: OTHER,LA,UNITED STATES,2025-04-15,2030-11-23,MANAGEMENT AND OPERATION OF THE STRATEGIC PETROLEUM RESERVE FACILITIES,https://www.usaspending.gov/award/CONT_AWD_89243525CCR000073_8900_-NONE-_-NONE-,2026-09-25T12:38:19.046Z
36C10G24N0112,"SOLDIERPOINT DIGITAL HEALTH, LLC",PULLHCE2VM13,Department of Veterans Affairs,Department of Veterans Affairs,417594481.13,,DELIVERY ORDER,541512,COMPUTER SYSTEMS DESIGN SERVICES,R499,SUPPORT- PROFESSIONAL: OTHER,VA,UNITED STATES,2024-09-07,2027-09-06,CCIN - ARCHITECTURE & APPLICATION DEVELOPMENT,https://www.usaspending.gov/award/CONT_AWD_36C10G24N0112_3600_36C10G24D0048_3600,2026-09-25T12:38:19.046Z
19AQMM22C0102,"CADDELL CONSTRUCTION CO. (DE), LLC",ELJMJND6DDF3,Department of State,Department of State,415301838.5,,DEFINITIVE CONTRACT,236220,COMMERCIAL AND INSTITUTIONAL BUILDING CONSTRUCTION,Y1AA,CONSTRUCTION OF OFFICE BUILDINGS,,BRAZIL,2022-06-10,2029-07-02,THE PURPOSE OF THIS AWARD IS TO PROVIDE CONSTRUCTION SERVICES FOR A NEW EMBASSY COMPOUND IN BRASILIA BRAZIL.,https://www.usaspending.gov/award/CONT_AWD_19AQMM22C0102_1900_-NONE-_-NONE-,2026-09-25T12:38:19.046Z
80JSC022FA103,AXIOM SPACE INC,WAXDQTVKGQE8,National Aeronautics and Space Administration,National Aeronautics and Space Administration,414362340,284548146,DELIVERY ORDER,336414,GUIDED MISSILE AND SPACE VEHICLE MANUFACTURING,W018,LEASE OR RENTAL OF EQUIPMENT- SPACE VEHICLES,TX,UNITED STATES,2022-09-08,2028-11-02,EXPLORATION EXTRAVEHICULAR ACTIVITY SERVICE (XEVAS) ARTEMIS PROGRAM,https://www.usaspending.gov/award/CONT_AWD_80JSC022FA103_8000_80JSC022DA022_8000,2026-09-25T12:38:19.046Z
36C10B24F0237,DELOITTE CONSULTING LLP,CKV2L9GZKJK3,Department of Veterans Affairs,Department of Veterans Affairs,404676205.81,94042695.08,DELIVERY ORDER,541512,COMPUTER SYSTEMS DESIGN SERVICES,DA10,IT AND TELECOM - BUSINESS APPLICATION/APPLICATION DEVELOPMENT SOFTWARE AS A SERVICE,VA,UNITED STATES,2024-08-01,2027-09-27,"THIS REQUIREMENT SHALL PROVIDE SUPPORT WHICH SHALL INCLUDE: CAPABILITY DELIVERY LIFECYCLE MANAGEMENT, ENHANCEMENT/DEVELOPMENT DELIVERY, CONFIGURATION, ADDITIONAL ENHANCEMENT/DEVELOPMENT DELIVERY, PTEMS ENHANCEMENTS AND DEVELOPMENT",https://www.usaspending.gov/award/CONT_AWD_36C10B24F0237_3600_47QTCK18D0029_4732,2026-09-25T12:38:19.046Z
89303020FIM000046,ACCENTURE FEDERAL SERVICES LLC,C47BNA8GM833,Department of Energy,Department of Energy,401671375.8,325248165.41,BPA CALL,541512,COMPUTER SYSTEMS DESIGN SERVICES,D318,"IT AND TELECOM- INTEGRATED HARDWARE/SOFTWARE/SERVICES SOLUTIONS, PREDOMINANTLY SERVICES",DC,UNITED STATES,2020-05-01,2024-04-30,BPA TASK ORDER ISSUED UNDER MASTER BPA 89303019AIM000005 FOR IT ODC PURCHASES SUPPORT SERVICES AND MATERIAL DELIVERY AND TRANSPORT FOR THE U.S. DEPARTMENT OF ENERGY (DOE) OFFICE OF CHIEF INFORMATION,https://www.usaspending.gov/award/CONT_AWD_89303020FIM000046_8900_89303019AIM000005_8900,2026-09-25T12:38:19.046Z
36C10B24F0420,"IT CONCEPTS, INC.",GJ5YALPQMCH1,Department of Veterans Affairs,Department of Veterans Affairs,396890308.15,187132110.46,DELIVERY ORDER,541512,COMPUTER SYSTEMS DESIGN SERVICES,DA01,IT AND TELECOM - BUSINESS APPLICATION/APPLICATION DEVELOPMENT SUPPORT SERVICES (LABOR),NJ,UNITED STATES,2024-09-30,2027-09-29,ENDPOINT SUPPORT AND OPERATIONS MONITORING (ESOM)-IT SUPPORT SERVICES TO ASSIST EUS IN ACHIEVING ITS MISSION OF SERVING VETERANS AND THE PUBLIC BY DELIVERING EFFECTIVE ENDPOINT SUPPORT AND OPERATIONS MONITORING.,https://www.usaspending.gov/award/CONT_AWD_36C10B24F0420_3600_GS35F0441Y_4732,2026-09-25T12:38:19.046Z
NNS15AA75T,SYNCOM SPACE SERVICES LLC,GM2QNEGF7CA3,National Aeronautics and Space Administration,National Aeronautics and Space Administration,391657013.05,201658466.59,DELIVERY ORDER,561210,FACILITIES SUPPORT SERVICES,M1HB,OPERATION OF GOVERNMENT-OWNED GOVERNMENT-OPERATED (GOGO) R&D FACILITIES,MS,UNITED STATES,2016-02-01,2025-06-30,"IGF::OT::IGF SYNERGY-ACHIEVING CONSOLIDATED OPERATIONS AND MAINTENANCE,  COST PLUS INCENTIVE FEE, CORE WORK",https://www.usaspending.gov/award/CONT_AWD_NNS15AA75T_8000_NNS15AA01C_8000,2026-09-25T12:38:19.046Z
36C10B23F0319,METGREEN SOLUTIONS INC,J4TDZHLCUGW3,Department of Veterans Affairs,Department of Veterans Affairs,389497831.12,312647441.12,DELIVERY ORDER,541519,OTHER COMPUTER RELATED SERVICES,DA10,IT AND TELECOM - BUSINESS APPLICATION/APPLICATION DEVELOPMENT SOFTWARE AS A SERVICE,NE,UNITED STATES,2023-09-22,2027-03-21,SERVICENOW SOFTWARE-AS-A-SERVICE (SAAS) LICENSE ENTITLEMENTS,https://www.usaspending.gov/award/CONT_AWD_36C10B23F0319_3600_NNG15SD37B_8000,2026-09-25T12:38:19.046Z
36C10X26N0031,QTC MEDICAL SERVICES INC,GN8YP96TMPK6,Department of Veterans Affairs,Department of Veterans Affairs,378691285.48,119597563.25,DELIVERY ORDER,621111,OFFICES OF PHYSICIANS (EXCEPT MENTAL HEALTH SPECIALISTS),Q403,MEDICAL- EVALUATION/SCREENING,TX,UNITED STATES,2026-01-01,2026-12-31,FY26 FUNDING MEDICAL DISABILITY EXAMINATIONS,https://www.usaspending.gov/award/CONT_AWD_36C10X26N0031_3600_36C10X25D0003_3600,2026-09-25T12:38:19.046Z
NNG11FC20C,"LOCKHEED MARTIN INTEGRATED SYSTEMS, LLC",MLZQLK2GQDW7,National Aeronautics and Space Administration,National Aeronautics and Space Administration,371478102,154935604.45,DEFINITIVE CONTRACT,541330,ENGINEERING SERVICES,R699,SUPPORT- ADMINISTRATIVE: OTHER,MD,UNITED STATES,2011-07-01,2027-09-30,"THE MOSES II EFFORT IS A FIVE-YEAR SOLE-SOURCE FOLLOW-ON CONTRACT  TO MAINTAIN THE HEALTH AND SAFETY OF THE HST OBSERVATORY THROUGH THE NEXT PHASE OF ITS SCIENCE MISSION.  THE SCOPE OF THIS FOLLOW-ON EFFORT INCLUDES CONDUCTING ALL ELEMENTS OF HST OPERATIONS OTHER THAN SCIENCE OPERATIONS, AND TO PERFORM SYSTEMS ENGINEERING TASKS REQUIRED TO PROPERLY MAINTAIN HST FLIGHT AND GROUND SYSTEMS.MISSION OPERATIONS RESPONSIBILITIES INCLUDE SAFE AND EFFICIENT CONTROL AND UTILIZATION OF THE HST OBSERVATORY, MAINTENANCE AND OPERATION OF HST-UNIQUE FACILITIES AND EQUIPMENT, AS WELL AS CREATION, MAINTENANCE, AND UTILIZATION OF HST OPERATIONS PROCESSES AND PROCEDURES.   CRITICAL SYSTEMS ENGINEERING RESPONSIBILITIES CONSIST OF OPTIMIZING MISSION SYSTEM CAPABILITIES TO MAXIMIZE HST OPERATIONS EFFECTIVENESS AND SCIENCE PRODUCTIVITY. ESSENTIAL MANAGEMENT REQUIREMENTS INCLUDE PROVIDING A TECHNICAL STAFF POSSESSING IN-DEPTH KNOWLEDGE OF HST S VARIED, COMPLEX, AND UNIQUE FLIGHT AND GROUND SYSTEMS, ENSURING SUCCESSFUL ACCOMPLISHMENT OF THE DIVERSE TASKS NECESSARY TO EFFECTIVELY CONDUCT HST MISSION OPERATIONS AND SYSTEMS ENGINEERING AS WELL AS TO MANAGE AND REPORT CONTRACT ELEMENT COST AND SCHEDULE PERFORMANCE.",https://www.usaspending.gov/award/CONT_AWD_NNG11FC20C_8000_-NONE-_-NONE-,2026-09-25T12:38:19.046Z
47QFCA20C0019,"KRATOS S2, INC",D7GMZLLJLXB3,General Services Administration,Federal Acquisition Service,371264442.6,317473832.66,DEFINITIVE CONTRACT,541715,"RESEARCH AND DEVELOPMENT IN THE PHYSICAL, ENGINEERING, AND LIFE SCIENCES (EXCEPT NANOTECHNOLOGY AND BIOTECHNOLOGY)",AC21,NATIONAL DEFENSE R&D SERVICES; ATOMIC ENERGY DEFENSE ACTIVITIES; BASIC RESEARCH,CO,UNITED STATES,2020-06-11,2027-06-10,COSMIC AES SBIR III CONTRACT 47QFCA20C0019. THIS CONTRACT IS FOR OTHER FUNCTIONS.,https://www.usaspending.gov/award/CONT_AWD_47QFCA20C0019_4732_-NONE-_-NONE-,2026-09-25T12:38:19.046Z
1332KP23CNEEJ0001,PERATON INC.,ZBPQEJVECCT4,Department of Commerce,National Oceanic and Atmospheric Administration,353255040.72,210886681.79,DEFINITIVE CONTRACT,517810,ALL OTHER TELECOMMUNICATIONS,DG11,IT and Telecom - Network: Satellite Communications and Telecom Access Services,VA,UNITED STATES,2023-03-01,2028-02-16,LOW-EARTH ORBIT (LEO) GROUND SUSTAINMENT SERVICES (LGSS),https://www.usaspending.gov/award/CONT_AWD_1332KP23CNEEJ0001_1330_-NONE-_-NONE-,2026-09-25T12:38:19.046Z
19AQMM20F1777,PERATON INC.,ZBPQEJVECCT4,Department of State,Department of State,353083562.02,74545741.4,DELIVERY ORDER,541512,COMPUTER SYSTEMS DESIGN SERVICES,D310,IT AND TELECOM- CYBER SECURITY AND DATA BACKUP,VA,UNITED STATES,2020-07-10,2027-06-03,INCREMENTAL FUNDING,https://www.usaspending.gov/award/CONT_AWD_19AQMM20F1777_1900_HHSN316201200036W_7529,2026-09-25T12:38:19.046Z
DTFAWA07C00014CALL0001,"L3HARRIS TECHNOLOGIES, INC.",QM4EZDV15JL8,Department of Transportation,Federal Aviation Administration,345951577.78,137837125.16,DELIVERY ORDER,334220,RADIO AND TELEVISION BROADCASTING AND WIRELESS COMMUNICATIONS EQUIPMENT MANUFACTURING,5895,MISCELLANEOUS COMMUNICATION EQUIPMENT,FL,UNITED STATES,2007-02-24,2032-09-30,VOICE SWITCHING AND CONTROL SYSTEMS (VSCS),https://www.usaspending.gov/award/CONT_AWD_DTFAWA07C00014CALL0001_6920_DTFAWA07C00014_6920,2026-09-25T12:38:19.046Z
47PK0122C0005,HENSEL PHELPS CONSTRUCTION CO.,KC87NGP2E9N7,General Services Administration,Public Buildings Service,343296202,175336993.44,DEFINITIVE CONTRACT,236220,COMMERCIAL AND INSTITUTIONAL BUILDING CONSTRUCTION,Y1AZ,CONSTRUCTION OF OTHER ADMINISTRATIVE FACILITIES AND SERVICE BUILDINGS,AZ,UNITED STATES,2022-09-21,2028-12-11,"DESIGN-BUILD SERVICES FOR THE EXPANSION & MODERNIZATION PROJECT AT THE SAN LUIS I LAND PORT OF ENTRY IN SAN LUIS, AZ",https://www.usaspending.gov/award/CONT_AWD_47PK0122C0005_4740_-NONE-_-NONE-,2026-09-25T12:38:19.046Z
SAQMMA14C0193,"CADDELL CONSTRUCTION CO. (DE), LLC",ELJMJND6DDF3,Department of State,Department of State,339890641.29,0,DEFINITIVE CONTRACT,236220,COMMERCIAL AND INSTITUTIONAL BUILDING CONSTRUCTION,Y1AA,CONSTRUCTION OF OFFICE BUILDINGS,,TURKMENISTAN,2014-09-26,2027-10-14,"IGF::OT::IGF DESIGN AND CONSTRUCTION OF THE NEW EMBASSY COMPOUND IN ASHGABAT, TURKMENISTAN.",https://www.usaspending.gov/award/CONT_AWD_SAQMMA14C0193_1900_-NONE-_-NONE-,2026-09-25T12:38:19.046Z
36C10X26N0034,QTC MEDICAL SERVICES INC,GN8YP96TMPK6,Department of Veterans Affairs,Department of Veterans Affairs,336017423.25,107135516.01,DELIVERY ORDER,621111,OFFICES OF PHYSICIANS (EXCEPT MENTAL HEALTH SPECIALISTS),Q403,MEDICAL- EVALUATION/SCREENING,TX,UNITED STATES,2026-01-01,2026-12-31,FY26 FUNDING MEDICAL DISABILITY EXAMINATIONS,https://www.usaspending.gov/award/CONT_AWD_36C10X26N0034_3600_36C10X25D0003_3600,2026-09-25T12:38:19.046Z
36C10X26N0042,LOYAL SOURCE GOVERNMENT SERVICES LLC,Y54FQAPG4TN5,Department of Veterans Affairs,Department of Veterans Affairs,336017423.25,111163409.5,DELIVERY ORDER,621111,OFFICES OF PHYSICIANS (EXCEPT MENTAL HEALTH SPECIALISTS),Q403,MEDICAL- EVALUATION/SCREENING,FL,UNITED STATES,2026-01-01,2026-12-31,MEDICAL DISABILITY EXAMINATIONS - TO FY26 FUNDING,https://www.usaspending.gov/award/CONT_AWD_36C10X26N0042_3600_36C10X25D0001_3600,2026-09-25T12:38:19.046Z
140D0423F0030,DEEP MILE NETWORKS LLC,KJQXXKB5WF89,Department of the Interior,Departmental Offices,334904396.86,317267735.92,DELIVERY ORDER,611430,PROFESSIONAL AND MANAGEMENT DEVELOPMENT TRAINING,R499,SUPPORT- PROFESSIONAL: OTHER,VA,UNITED STATES,2022-12-02,2026-10-29,EUESWS,https://www.usaspending.gov/award/CONT_AWD_140D0423F0030_1406_GS02Q16DCR0076_4732,2026-09-25T12:38:19.046Z
47QFRA20F0021,CGI FEDERAL INC.,TRKEP1HEBNS5,General Services Administration,Federal Acquisition Service,332611854.93,-359188.29,DELIVERY ORDER,541512,COMPUTER SYSTEMS DESIGN SERVICES,D399,IT AND TELECOM- OTHER IT AND TELECOMMUNICATIONS,VA,UNITED STATES,2020-05-05,2027-09-04,DYNAMIC AND EVOLVING FEDERAL ENTERPRISE NETWORK DEFENSE TASK ORDER GROUP F (DEFEND F),https://www.usaspending.gov/award/CONT_AWD_47QFRA20F0021_4732_47QTCK18D0022_4732,2026-09-25T12:38:19.046Z
91003125C0011,"MAXIMUS FEDERAL SERVICES, INC.",TREKW6J3QSF5,Department of Education,Department of Education,327711283.98,110732707.84,DEFINITIVE CONTRACT,541512,COMPUTER SYSTEMS DESIGN SERVICES,R710,SUPPORT- MANAGEMENT: FINANCIAL,VA,UNITED STATES,2025-02-01,2027-01-31,"THE PURPOSE OF DMCS IS TO MANAGE THE DEFAULT LOAN PORTFOLIO, AND STORE, MANAGE, PROTECT, AND PROVIDE STUDENT LOAN DEBTORS IN DEFAULT AVAILABLE INFORMATION UNDER THE HEA. DMCS ENABLES BORROWERS, WHO SO CHOSE, TO MAKE PAYMENTS ON THEIR ACCOUNTS AND SEN",https://www.usaspending.gov/award/CONT_AWD_91003125C0011_9100_-NONE-_-NONE-,2026-09-25T12:38:19.046Z
47QFCA23F0053,"LMI CONSULTING, LLC",QVEKLLJUGHJ7,General Services Administration,Federal Acquisition Service,322686387,0,DELIVERY ORDER,541330,ENGINEERING SERVICES,R499,SUPPORT- PROFESSIONAL: OTHER,DC,UNITED STATES,2023-09-28,2027-09-27,APMTS II AWARD,https://www.usaspending.gov/award/CONT_AWD_47QFCA23F0053_4732_GS00Q14OADU141_4732,2026-09-25T12:38:19.046Z
47QFRA21F0038,MIRACLE SYSTEMS LLC,FNKXRJDWJAD1,General Services Administration,Federal Acquisition Service,310786905.02,0,DELIVERY ORDER,541330,ENGINEERING SERVICES,R499,SUPPORT- PROFESSIONAL: OTHER,VA,UNITED STATES,2021-09-27,2027-09-26,CISA PROGRAM MANAGEMENT SUPPORT SERVICES PMSS AWARD,https://www.usaspending.gov/award/CONT_AWD_47QFRA21F0038_4732_47QRAD20DU109_4732,2026-09-25T12:38:19.046Z
80GSFC23CA051,SPACE NETWORK SOLUTIONS LLC,C1K1HHDZKB75,National Aeronautics and Space Administration,National Aeronautics and Space Administration,309002778.54,257966489.29,DEFINITIVE CONTRACT,541715,"RESEARCH AND DEVELOPMENT IN THE PHYSICAL, ENGINEERING, AND LIFE SCIENCES (EXCEPT NANOTECHNOLOGY AND BIOTECHNOLOGY)",R425,SUPPORT- PROFESSIONAL: ENGINEERING/TECHNICAL,MD,UNITED STATES,2023-12-01,2028-11-30,THE PRINCIPAL PURPOSE OF THIS FOLLOW-ON CONTRACT IS TO PROVIDE MULTIDISCIPLINE ENGINEERING SUPPORT SERVICES.,https://www.usaspending.gov/award/CONT_AWD_80GSFC23CA051_8000_-NONE-_-NONE-,2026-09-25T12:38:19.046Z
47QFDA21C0001,BANK OF NEW YORK MELLON (THE),NPDVBNEAKQP7,General Services Administration,Federal Acquisition Service,283544661.33,201207402.07,DEFINITIVE CONTRACT,522110,COMMERCIAL BANKING,R710,SUPPORT- MANAGEMENT: FINANCIAL,DC,UNITED STATES,2021-01-01,2027-06-30,GINNIE MAE MORTGAGE BACKED SECURITIES ISSUANCE AND BOND ADMINISTRATION,https://www.usaspending.gov/award/CONT_AWD_47QFDA21C0001_4732_-NONE-_-NONE-,2026-09-25T12:38:19.046Z
28321319FDX030539,VERIZON BUSINESS NETWORK SERVICES LLC,GEYFS4D96R55,Social Security Administration,Social Security Administration,283532559.92,261104390,DELIVERY ORDER,517110,WIRED TELECOMMUNICATIONS CARRIERS,D304,IT AND TELECOM- TELECOMMUNICATIONS AND TRANSMISSION,VA,UNITED STATES,2019-09-30,2026-09-29,ENTERPRISE INFRASTRUCTURE SOLUTIONS (EIS) PROGRAM - SSA DATA NETWORK SERVICES (SSANET),https://www.usaspending.gov/award/CONT_AWD_28321319FDX030539_2800_GS00Q17NSD3009_4732,2026-09-25T12:38:19.046Z
49100420C0001,BATTELLE MEMORIAL INSTITUTE,F125YU6SWK59,National Science Foundation,National Science Foundation,283013649.25,220888876.64,DEFINITIVE CONTRACT,561210,FACILITIES SUPPORT SERVICES,R706,SUPPORT- MANAGEMENT: LOGISTICS SUPPORT,OH,UNITED STATES,2019-12-20,2027-01-31,ARCTIC RESEARCH SUPPORT AND LOGISTICS SERVICES (ARSLS),https://www.usaspending.gov/award/CONT_AWD_49100420C0001_4900_-NONE-_-NONE-,2026-09-25T12:38:19.046Z
47QFCA24F0003,BOOZ ALLEN HAMILTON INC,JCBMLGPE6Z71,General Services Administration,Federal Acquisition Service,281759623,0,DELIVERY ORDER,541330,ENGINEERING SERVICES,R499,SUPPORT- PROFESSIONAL: OTHER,CA,UNITED STATES,2023-11-07,2026-11-06,SPACE SYSTEMS COMMAND (SSC) GROUND SYSTEMS ENGINEERING AND INTEGRATION SUPPORT (GSIS) TASK ORDER AWARD.,https://www.usaspending.gov/award/CONT_AWD_47QFCA24F0003_4732_GS00Q14OADU108_4732,2026-09-25T12:38:19.046Z
36C10X26N0046,"OPTUMSERVE HEALTH SERVICES, INC.",G5XXLHZSW8X3,Department of Veterans Affairs,Department of Veterans Affairs,272174836.86,56580886.19,DELIVERY ORDER,621111,OFFICES OF PHYSICIANS (EXCEPT MENTAL HEALTH SPECIALISTS),Q403,MEDICAL- EVALUATION/SCREENING,WI,UNITED STATES,2026-01-01,2026-12-31,FY26 FUNDING MEDICAL DISABILITY EXAMINATIONS,https://www.usaspending.gov/award/CONT_AWD_36C10X26N0046_3600_36C10X25D0002_3600,2026-09-25T12:38:19.046Z
NNL14AA02T,"AMENTUM TECHNOLOGY, INC.",H2RGSKWXKHQ5,National Aeronautics and Space Administration,National Aeronautics and Space Administration,263566812,166736263,DELIVERY ORDER,561210,FACILITIES SUPPORT SERVICES,Z1JZ,MAINTENANCE OF MISCELLANEOUS BUILDINGS,VA,UNITED STATES,2014-02-01,2026-09-30,"IGF::CT::IGF THIS ""TASK ORDER"" HAS BEEN CREATED IN THE CONTRACT MANAGEMENT MODULE (CMM) SYSTEM FOR FUNDING PURPOSES ONLY AND IS NOT AN ACTUAL TASK ORDER WITH A STATEMENT OF WORK AND OTHER TASK ORDER REQUIREMENTS.  THIS ""TASK ORDER"" HAS BEEN CREATED FOR FUNDING OBLIGATIONS ONLY AND TO ACCOUNT FOR CMM AND SAP FINANCIAL SYSTEM FUNCTIONALITY.  THIS ""TASK ORDER"" IS TO FUND NNL13AA14C CLIN 2 (OPERATIONS).  CENTER MAINTENANCE, OPERATIONS, AND ENGINEERING (CMOE) CONTRACT. REQUIREMENT FOR THE MAINTENANCE, OPERATIONS, AND ENGINEERING OF LARC'S INSTITUTIONAL FACILITIES AND HIGHLY TECHNICAL RESEARCH FACILITIES FOR MISSION SUCCESS.  THE CMOE CONTRACT WILL PROVIDE CORE SUPPORT SERVICES TO LARC IN THE AREAS OF INSTITUTIONAL AND RESEARCH OPERATIONS, MAINTENANCE, AND ENGINEERING (OME).  THESE TECHNICAL SERVICES INCLUDE:  RESEARCH FACILITIES OPERATIONS (E.G., HIGHLY SPECIALIZED WIND TUNNELS, LABORATORIES, TEST STANDS, INSTRUMENTATION CALIBRATION/REPAIR); CENTRAL UTILITIES OPERATIONS (E.G., STEAM, COMPRESSED AIR, ELECTRICAL POWER DISTRIBUTION, POTABLE WATER); TECHNOLOGY DEVELOPMENT/ADMINISTRATION (E.G., FACILITY AUTOMATION SYSTEMS [FAS], DATA ACQUISITION SYSTEMS [DAS]); RESEARCH AND INSTITUTIONAL FACILITY MAINTENANCE (E.G., PREVENTIVE MAINTENANCE, TROUBLE CALLS, RELIABILITY CENTERED MAINTENANCE [RCM], FACILITY CONDITION ASSESSMENT [FCA]); AND FACILITY ENGINEERING (E.G., DESIGN, CONSTRUCTION, CONFIGURATION MANAGEMENT, TACTICAL ENGINEERING, PRESSURE SYSTEM RECERTIFICATION, PROJECT MANAGEMENT/PLANNING SUPPORT).",https://www.usaspending.gov/award/CONT_AWD_NNL14AA02T_8000_NNL13AA14C_8000,2026-09-25T12:38:19.046Z
DOCYA132314NC0058,GUIDEHOUSE DIGITAL LLC,WKMCZLH1KJM4,Department of Commerce,U.S. Census Bureau,257647257.08,220664773.35,DELIVERY ORDER,541512,COMPUTER SYSTEMS DESIGN SERVICES,D318,"IT AND TELECOM- INTEGRATED HARDWARE/SOFTWARE/SERVICES SOLUTIONS, PREDOMINANTLY SERVICES",MD,UNITED STATES,2014-03-19,2024-03-31,IT INFRASTRUCTURE SUPPORT SERVICES-DATA CENTER  IGF::OT::IGF,https://www.usaspending.gov/award/CONT_AWD_DOCYA132314NC0058_1323_HHSN316201200111W_7529,2026-09-25T12:38:19.046Z
140D0419F0326,"LUMEN TECHNOLOGIES GOVERNMENT SOLUTIONS, INC.",LL22S1ELLY93,Department of the Interior,Departmental Offices,247001220.25,209383258.28,DELIVERY ORDER,517110,WIRED TELECOMMUNICATIONS CARRIERS,D304,IT AND TELECOM- TELECOMMUNICATIONS AND TRANSMISSION,VA,UNITED STATES,2019-09-20,2027-03-31,DOI EIS DATA SERVICES,https://www.usaspending.gov/award/CONT_AWD_140D0419F0326_1406_GS00Q17NSD3006_4732,2026-09-25T12:38:19.046Z
70B02C26C00000008,"ELBITAMERICA, INC.",TBLKC12FCDH8,Department of Homeland Security,U.S. Customs and Border Protection,243612326.12,106929997.25,DEFINITIVE CONTRACT,334511,"SEARCH, DETECTION, NAVIGATION, GUIDANCE, AERONAUTICAL, AND NAUTICAL SYSTEM AND INSTRUMENT MANUFACTURING",6350,"MISCELLANEOUS ALARM, SIGNAL, AND SECURITY DETECTION SYSTEMS",TX,UNITED STATES,2026-03-03,2028-09-29,PERSISTENT SURVEILLANCE AND DETECTION EXTENSION,https://www.usaspending.gov/award/CONT_AWD_70B02C26C00000008_7014_-NONE-_-NONE-,2026-09-25T12:38:19.046Z
19AQMM24F0983,"AAR GOVERNMENT SERVICES, INC.",GFWVNNYFEVR2,Department of State,Department of State,238183140.68,0,DELIVERY ORDER,488190,OTHER SUPPORT ACTIVITIES FOR AIR TRANSPORTATION,J015,MAINT/REPAIR/REBUILD OF EQUIPMENT- AIRCRAFT AND AIRFRAME STRUCTURAL COMPONENTS,FL,UNITED STATES,2024-06-01,2027-05-31,WORLDWIDE AVIATION SUPPORT SERVICES OY6,https://www.usaspending.gov/award/CONT_AWD_19AQMM24F0983_1900_SAQMMA16D0136_1900,2026-09-25T12:38:19.046Z
75N99026F00002,M. A. MORTENSON COMPANY,GPXRWUEUHZ19,Department of Health and Human Services,National Institutes of Health,237769777,,DELIVERY ORDER,236220,COMMERCIAL AND INSTITUTIONAL BUILDING CONSTRUCTION,Y1JZ,CONSTRUCTION OF MISCELLANEOUS BUILDINGS,MD,UNITED STATES,2026-12-01,2031-03-20,"C102231 DESIGN-BUILD SERVICES, CONSTRUCT ADDITION TO BLDG 101 CALLED NIEHS CLINICAL AND COMPUTATIONAL AND SCIENCE BUILDING (CCSB), RTP, KYLE ASKINS",https://www.usaspending.gov/award/CONT_AWD_75N99026F00002_7529_75N99019D00013_7529,2026-09-25T12:38:19.046Z
70B04C24F00000413,"FOUR POINTS TECHNOLOGY, L.L.C.",H1KHJPJH9R51,Department of Homeland Security,U.S. Customs and Border Protection,234906040.29,154996787.88,DELIVERY ORDER,541519,OTHER COMPUTER RELATED SERVICES,7C20,IT AND TELECOM - DATA CENTER PRODUCTS (HARDWARE AND PERPETUAL LICENSE SOFTWARE),VA,UNITED STATES,2024-07-01,2026-12-31,AMAZON WEB SERVICES FOR CBP.,https://www.usaspending.gov/award/CONT_AWD_70B04C24F00000413_7014_NNG15SD22B_8000,2026-09-25T12:38:19.046Z
28321324FA0010214,"FOUR POINTS TECHNOLOGY, L.L.C.",H1KHJPJH9R51,Social Security Administration,Social Security Administration,234794253.74,126230177.07,BPA CALL,541519,OTHER COMPUTER RELATED SERVICES,DK10,IT AND TELECOM - STORAGE AS A SERVICE,MD,UNITED STATES,2024-08-01,2027-09-29,CALL ORDER FOR AMAZON WEB SERVICES (AWS) CONNECT FOR CONTACT CENTER AS A SERVICE (CCAAS) - BLANKET PURCHASE AGREEMENT 28321321A00040003,https://www.usaspending.gov/award/CONT_AWD_28321324FA0010214_2800_28321321A00040003_2800,2026-09-25T12:38:19.046Z
2032H523F00493,"FCN, INC.",JEANDJTZ8HJ3,Department of the Treasury,Internal Revenue Service,233451576.07,231252589.09,DELIVERY ORDER,541519,OTHER COMPUTER RELATED SERVICES,7E20,"IT and Telecom - End User: Help Desk;Tier 1-2,Workspace,Print,Output,Productivity Tools (HW/Perp SW)",MD,UNITED STATES,2023-08-25,2027-08-24,BASE AWARD FOR IRS CISCO CATALOG. BASE YEAR 12 MONTHS WITH FOUR 12-MONTH OPTION PERIODS.,https://www.usaspending.gov/award/CONT_AWD_2032H523F00493_2050_NNG15SC71B_8000,2026-09-25T12:38:19.046Z
70B02C21C00000017,GLOBAL MARITEK SYSTEMS INC,F2Y4MRAP3AN5,Department of Homeland Security,U.S. Customs and Border Protection,228513452.7,141878415.27,DEFINITIVE CONTRACT,336611,SHIP BUILDING AND REPAIRING,J020,MAINT/REPAIR/REBUILD OF EQUIPMENT- SHIP AND MARINE EQUIPMENT,FL,UNITED STATES,2021-04-01,2027-03-31,NATIONAL VESSEL MAINTENANCE AND LOGISTICS SUPPORT SERVICES,https://www.usaspending.gov/award/CONT_AWD_70B02C21C00000017_7014_-NONE-_-NONE-,2026-09-25T12:38:19.046Z
47QFRA24F0012,"ECS FEDERAL, LLC",XYB4JU4PA6T4,General Services Administration,Federal Acquisition Service,227939454.06,0,DELIVERY ORDER,541512,COMPUTER SYSTEMS DESIGN SERVICES,DH01,"IT AND TELECOM - PLATFORM SUPPORT SERVICES: DATABASE, MAINFRAME, MIDDLEWARE (LABOR)",VA,UNITED STATES,2024-09-18,2027-09-17,CONTINUOUS DIAGNOSTICS AND MITIGATION CDM DATA SERVICES,https://www.usaspending.gov/award/CONT_AWD_47QFRA24F0012_4732_47QTCK18D0047_4732,2026-09-25T12:38:19.046Z
GSQ0016AJ0009,"GENERAL DYNAMICS INFORMATION TECHNOLOGY, INC.",SMNWM6HN79X5,General Services Administration,Federal Acquisition Service,217877641.95,-53297.3,DELIVERY ORDER,541512,COMPUTER SYSTEMS DESIGN SERVICES,D316,IT AND TELECOM- TELECOMMUNICATIONS NETWORK MANAGEMENT,VA,UNITED STATES,2015-11-20,2021-07-31,"IGF::CT::IGF TASK ORDER (TO) GSQ0016AJ0009 IS HEREBY AWARDED TO SRA INTERNATIONAL, INC. TO PROVIDE THE ARMY NATIONAL GUARD (ARNG) WITH A WIDE RANGE OF IT AND INFRASTRUCTURE SUPPORT, AND PROGRAM MANAGEMENT SERVICES FOR ENTERPRISE OPERATIONS AND SECURITY SERVICES. THE PERIOD OF PERFORMANCE FOR THIS TO WILL BE FEBRUARY 1, 2016 THROUGH JANUARY 31, 2021. THE TOTAL VALUE OF THE TO WILL BE $247,355,568 AND THE TO WILL BE FUNDED IN THE AMOUNT OF $16,490,000 AT AWARD.",https://www.usaspending.gov/award/CONT_AWD_GSQ0016AJ0009_4732_GS00Q09BGD0055_4735,2026-09-25T12:38:19.046Z
70CDCR26C00000021,EASTERN AIR EXPRESS LLC,QKELA8U9HRQ1,Department of Homeland Security,U.S. Immigration and Customs Enforcement,215521664,,DEFINITIVE CONTRACT,481211,NONSCHEDULED CHARTERED PASSENGER AIR TRANSPORTATION,V211,TRANSPORTATION/TRAVEL/RELOCATION- TRAVEL/LODGING/RECRUITMENT: AIR PASSENGER,MO,UNITED STATES,2026-08-12,2027-08-11,GOVERNMENT FURNISHED AIRCRAFT (GFA) OPERATIONAL SUPPORT FOR AIRCRAFT AND MAINTENANCE SERVICES (OSAMS),https://www.usaspending.gov/award/CONT_AWD_70CDCR26C00000021_7012_-NONE-_-NONE-,2026-09-25T12:38:19.046Z
91003126F0022,NELNET SERVICING LLC,MNXKQ62J7AE8,Department of Education,Department of Education,210110673.84,128744695.49,DELIVERY ORDER,522390,OTHER ACTIVITIES RELATED TO CREDIT INTERMEDIATION,R710,SUPPORT- MANAGEMENT: FINANCIAL,NE,UNITED STATES,2026-04-01,2026-12-31,OPERATIONS AND MAINTENANCE (O&M) TASK ORDER FOR STUDENT LOAN SERVICING IN ACCORDANCE WITH THE REQUIREMENTS OF THE USDS CONTRACT. ALL WORK AND DELIVERABLES PROVIDED BY THE USDS SERVICER MUST BE IN ACCORDANCE WITH THE REQUIREMENTS OF THE CONTRACT F,https://www.usaspending.gov/award/CONT_AWD_91003126F0022_9100_91003123D0005_9100,2026-09-25T12:38:19.046Z
80GSFC23CA052,ASRC FEDERAL FACILITIES LOGISTICS LLC,NENSLR2C1VH9,National Aeronautics and Space Administration,National Aeronautics and Space Administration,207037060.3,124746549.55,DEFINITIVE CONTRACT,561210,FACILITIES SUPPORT SERVICES,Z1HB,MAINTENANCE OF GOVERNMENT-OWNED GOVERNMENT-OPERATED (GOGO) R&D FACILITIES,MD,UNITED STATES,2023-09-15,2028-09-14,"THE PURPOSE OF THIS CONTRACT IS TO ACQUIRE REPAIRS, OPERATIONS & MAINTENANCE, AND ENGINEERING (ROME) AND RELATED SERVICES FOR THE GODDARD SPACE FLIGHT CENTER (GREENBELT AND WALLOPS FLIGHT FACILITY).",https://www.usaspending.gov/award/CONT_AWD_80GSFC23CA052_8000_-NONE-_-NONE-,2026-09-25T12:38:19.046Z
15A00021FAQ000087,"EAGLE HARBOR, LLC",KYNNE53LWS99,Department of Justice,"Bureau of Alcohol, Tobacco, Firearms and Explosives Acquisition and Property Management Division",206881955.07,131901858.62,DELIVERY ORDER,518210,"COMPUTING INFRASTRUCTURE PROVIDERS, DATA PROCESSING, WEB HOSTING, AND RELATED SERVICES",7C21,IT AND TELECOM - OTHER DATA CENTER FACILITIES PRODUCTS (HARDWARE AND PERPETUAL LICENSE SOFTWARE),DC,UNITED STATES,2021-03-30,2026-09-29,TECHNICAL AND OPERATION SUPPORT SERVICES,https://www.usaspending.gov/award/CONT_AWD_15A00021FAQ000087_1560_15A00021DAQA00135_1560,2026-09-25T12:38:19.046Z
NNJ06GA16C,S P KOROLEV ROCKET AND SPACE PUBLIC CORPORATION ENERGIA,NVJ3APL7YKL3,National Aeronautics and Space Administration,National Aeronautics and Space Administration,200325495.31,76900442.3,DEFINITIVE CONTRACT,336414,GUIDED MISSILE AND SPACE VEHICLE MANUFACTURING,1820,SPACE VEHICLE COMPONENTS,,RUSSIA,2006-08-04,2030-09-30,ENERGIA WILL PROVIDE HARDWARE AND SERVICES THAT      SUPPORT INTERNATIONAL SPACE STATION,https://www.usaspending.gov/award/CONT_AWD_NNJ06GA16C_8000_-NONE-_-NONE-,2026-09-25T12:38:19.046Z
47PM0123F0006,"WHITING-TURNER CONTRACTING COMPANY, THE",VEP4UN7LDMK5,General Services Administration,Public Buildings Service,199421262,0,DELIVERY ORDER,236220,COMMERCIAL AND INSTITUTIONAL BUILDING CONSTRUCTION,Z2AA,REPAIR OR ALTERATION OF OFFICE BUILDINGS,MD,UNITED STATES,2022-12-15,2027-04-01,DESIGN BUILD AWARD FOR THE REIMAGINED BLS & CENSUS CONSOLIDATION AT THE GSA SUITLAND FEDERAL CENTER,https://www.usaspending.gov/award/CONT_AWD_47PM0123F0006_4740_47PH0821D0011_4740,2026-09-25T12:38:19.046Z
89303323FEM400390,"NORTH WIND PORTAGE, INC.",UVVNPHJPMNH7,Department of Energy,Department of Energy,195665554.12,177017655.64,DELIVERY ORDER,562910,REMEDIATION SERVICES,F108,ENVIRONMENTAL SYSTEMS PROTECTION- ENVIRONMENTAL REMEDIATION,UT,UNITED STATES,2023-10-01,2027-04-30,SCOPE OF TASK ORDER 89303323FEM400390 INCLUDES COMPLETION OF THE MILL TAILINGS PILE REMEDIATION AT A RATE OF SPEED REFLECTING ESTABLISHED PRODUCTION CAPACITY UNDER SAFE WORKING CONDITIONS.,https://www.usaspending.gov/award/CONT_AWD_89303323FEM400390_8900_89303322DEM000073_8900,2026-09-25T12:38:19.046Z
NNL14AA42T,"AMENTUM TECHNOLOGY, INC.",H2RGSKWXKHQ5,National Aeronautics and Space Administration,National Aeronautics and Space Administration,193508363,93647658,DELIVERY ORDER,561210,FACILITIES SUPPORT SERVICES,Z1JZ,MAINTENANCE OF MISCELLANEOUS BUILDINGS,VA,UNITED STATES,2014-02-01,2026-09-30,"IGF::CT::IGF THIS ""TASK ORDER"" HAS BEEN CREATED IN THE CONTRACT MANAGEMENT MODULE (CMM) SYSTEM FOR FUNDING PURPOSES ONLY AND IS NOT AN ACTUAL TASK ORDER WITH A STATEMENT OF WORK AND OTHER TASK ORDER REQUIREMENTS.  THIS ""TASK ORDER"" HAS BEEN CREATED FOR FUNDING OBLIGATIONS ONLY AND TO ACCOUNT FOR CMM AND SAP FINANCIAL SYSTEM FUNCTIONALITY.  THIS ""TASK ORDER"" IS TO FUND NNL13AA14C CLIN 402 (FFP IDIQ).  CENTER MAINTENANCE, OPERATIONS, AND ENGINEERING (CMOE) CONTRACT. REQUIREMENT FOR THE MAINTENANCE, OPERATIONS, AND ENGINEERING OF LARC'S INSTITUTIONAL FACILITIES AND HIGHLY TECHNICAL RESEARCH FACILITIES FOR MISSION SUCCESS.  THE CMOE CONTRACT WILL PROVIDE CORE SUPPORT SERVICES TO LARC IN THE AREAS OF INSTITUTIONAL AND RESEARCH OPERATIONS, MAINTENANCE, AND ENGINEERING (OME).  THESE TECHNICAL SERVICES INCLUDE:  RESEARCH FACILITIES OPERATIONS (E.G., HIGHLY SPECIALIZED WIND TUNNELS, LABORATORIES, TEST STANDS, INSTRUMENTATION CALIBRATION/REPAIR); CENTRAL UTILITIES OPERATIONS (E.G., STEAM, COMPRESSED AIR, ELECTRICAL POWER DISTRIBUTION, POTABLE WATER); TECHNOLOGY DEVELOPMENT/ADMINISTRATION (E.G., FACILITY AUTOMATION SYSTEMS [FAS], DATA ACQUISITION SYSTEMS [DAS]); RESEARCH AND INSTITUTIONAL FACILITY MAINTENANCE (E.G., PREVENTIVE MAINTENANCE, TROUBLE CALLS, RELIABILITY CENTERED MAINTENANCE [RCM], FACILITY CONDITION ASSESSMENT [FCA]); AND FACILITY ENGINEERING (E.G., DESIGN, CONSTRUCTION, CONFIGURATION MANAGEMENT, TACTICAL ENGINEERING, PRESSURE SYSTEM RECERTIFICATION, PROJECT MANAGEMENT/PLANNING SUPPORT).",https://www.usaspending.gov/award/CONT_AWD_NNL14AA42T_8000_NNL13AA14C_8000,2026-09-25T12:38:19.046Z
75N99022F00006,AEP ENERGY INC,UN6ALAMGBW23,Department of Health and Human Services,National Institutes of Health,192071156.55,165599120.58,DELIVERY ORDER,221112,FOSSIL FUEL ELECTRIC POWER GENERATION,S112,UTILITIES- ELECTRIC,MD,UNITED STATES,2021-11-02,2026-11-01,AEP ENERGY (COMMODITY BILLS) NIH CONTRACT# NEW CONTRACT,https://www.usaspending.gov/award/CONT_AWD_75N99022F00006_7529_SPE60418D8007_9700,2026-09-25T12:38:19.046Z
12314422F0069,"LUMEN TECHNOLOGIES GOVERNMENT SOLUTIONS, INC.",LL22S1ELLY93,Department of Agriculture,Office of the Chief Financial Officer,188384821.89,155458702.79,DELIVERY ORDER,517110,WIRED TELECOMMUNICATIONS CARRIERS,DG01,IT AND TELECOM - NETWORK SUPPORT SERVICES (LABOR),CO,UNITED STATES,2021-12-16,2032-07-31,USDANET ENTERPRISE INFRASTRUCTURE SOLUTIONS,https://www.usaspending.gov/award/CONT_AWD_12314422F0069_1205_GS00Q17NSD3006_4732,2026-09-25T12:38:19.046Z
36C10B25N0064EHRM,"ORACLE HEALTH GOVERNMENT SERVICES, INC.",DT2KS3HH5FP5,Department of Veterans Affairs,Department of Veterans Affairs,173322306.16,,DELIVERY ORDER,541512,COMPUTER SYSTEMS DESIGN SERVICES,DA01,IT AND TELECOM - BUSINESS APPLICATION/APPLICATION DEVELOPMENT SUPPORT SERVICES (LABOR),KS,UNITED STATES,2025-01-22,2028-02-28,"FORMALLY RECOGNIZE THE CONTRACTORS CORPORATE NAME CHANGE FROM CERNER GOVERNMENT SERVICES INC. TO ORACLE HEALTH GOVERNMENT SERVICES, INC. IAW FAR SUBPART 42.12.",https://www.usaspending.gov/award/CONT_AWD_36C10B25N0064EHRM_3600_36C10B18D5000_3600,2026-09-25T12:38:19.046Z
36C10B26F0121,BOOZ ALLEN HAMILTON INC,JCBMLGPE6Z71,Department of Veterans Affairs,Department of Veterans Affairs,172408503.01,18627089.76,DELIVERY ORDER,541512,COMPUTER SYSTEMS DESIGN SERVICES,DA01,IT AND TELECOM - BUSINESS APPLICATION/APPLICATION DEVELOPMENT SUPPORT SERVICES (LABOR),DC,UNITED STATES,2026-04-17,2027-04-16,BENEFITS ENTERPRISE SERVICES,https://www.usaspending.gov/award/CONT_AWD_36C10B26F0121_3600_47QTCK18D0004_4732,2026-09-25T12:38:19.046Z
89243323CFE000074,KBC ENERGY SOLUTIONS LLC,JZBEGKLDQM68,Department of Energy,Department of Energy,171587437.45,117226311.57,DEFINITIVE CONTRACT,541330,ENGINEERING SERVICES,R425,SUPPORT- PROFESSIONAL: ENGINEERING/TECHNICAL,WV,UNITED STATES,2023-04-01,2028-03-31,MISSION EXECUTION SUPPORT SERVICES,https://www.usaspending.gov/award/CONT_AWD_89243323CFE000074_8900_-NONE-_-NONE-,2026-09-25T12:38:19.046Z
86614921C00002,INFORMATION SYSTEMS & NETWORKS CORPORATION,WN6NG8L4CM46,Department of Housing and Urban Development,Department of Housing and Urban Development,170263137.16,69868791.09,DEFINITIVE CONTRACT,522390,OTHER ACTIVITIES RELATED TO CREDIT INTERMEDIATION,R710,SUPPORT- MANAGEMENT: FINANCIAL,MD,UNITED STATES,2021-05-03,2026-12-08,SECRETARY HELD LOAN SERVICING (NON HECM),https://www.usaspending.gov/award/CONT_AWD_86614921C00002_8600_-NONE-_-NONE-,2026-09-25T12:38:19.046Z
75FCMC21F0067,ACUMEN LLC,XVMTJF1497P1,Department of Health and Human Services,Centers for Medicare and Medicaid Services,169628773.5,158076397.59,DELIVERY ORDER,541611,ADMINISTRATIVE MANAGEMENT AND GENERAL MANAGEMENT CONSULTING SERVICES,R499,SUPPORT- PROFESSIONAL: OTHER,CA,UNITED STATES,2021-09-30,2027-03-29,DATALINK,https://www.usaspending.gov/award/CONT_AWD_75FCMC21F0067_7530_GS10F0133S_4730,2026-09-25T12:38:19.046Z
12314423C0069,"AT&T ENTERPRISES, LLC",MNALR8D818N7,Department of Agriculture,Office of the Chief Financial Officer,168229367.15,153695953.39,DEFINITIVE CONTRACT,517111,WIRED TELECOMMUNICATIONS CARRIERS,DG10,IT AND TELECOM - NETWORK AS A SERVICE,CO,UNITED STATES,2023-09-11,2027-09-30,USDA DATA AND VOICE SERVICES,https://www.usaspending.gov/award/CONT_AWD_12314423C0069_1205_-NONE-_-NONE-,2026-09-25T12:38:19.046Z
89303323FLM400007,"RSI ENTECH, LLC",G4QHA4XRAA86,Department of Energy,Department of Energy,165443326.59,141348066.82,DELIVERY ORDER,562910,REMEDIATION SERVICES,R799,SUPPORT- MANAGEMENT: OTHER,TN,UNITED STATES,2023-10-01,2026-12-31,TO INCREMENTALLY FUND TO 8 FOR ONE MONTH.,https://www.usaspending.gov/award/CONT_AWD_89303323FLM400007_8900_89303020DLM000001_8900,2026-09-25T12:38:19.046Z
47QFCA25F0024,"MANTECH ADVANCED SYSTEMS INTERNATIONAL, INC.",JY2BDT2K58Z6,General Services Administration,Federal Acquisition Service,164884907,,DELIVERY ORDER,541512,COMPUTER SYSTEMS DESIGN SERVICES,DA01,IT AND TELECOM - BUSINESS APPLICATION/APPLICATION DEVELOPMENT SUPPORT SERVICES (LABOR),FL,UNITED STATES,2025-08-08,2027-04-24,THE UNITED STATES SOUTHERN COMMAND (USSOUTHCOM) CYBER INFORMATION TECHNOLOGY (IT) ENTERPRISE SERVICES 2 (SCITES 2) TASK ORDER PROVIDES COMPREHENSIVE ENTERPRISE-LEVEL CYBER AND DATA-INFORMED IT SERVICES FOR USSOUTHCOM AND MISSION PARTNERS.,https://www.usaspending.gov/award/CONT_AWD_47QFCA25F0024_4732_47QTCK18D0031_4732,2026-09-25T12:38:19.046Z
80KSC022CA010,"ASTRION GROUP, LLC",JFFMS6D9JNC6,National Aeronautics and Space Administration,National Aeronautics and Space Administration,164275691.82,152100585.3,DEFINITIVE CONTRACT,541380,TESTING LABORATORIES AND SERVICES,R499,SUPPORT- PROFESSIONAL: OTHER,FL,UNITED STATES,2023-04-01,2028-03-31,LABORATORY SUPPORT SERVICES AND OPERATIONS II (LASSO) II CONTRACT,https://www.usaspending.gov/award/CONT_AWD_80KSC022CA010_8000_-NONE-_-NONE-,2026-09-25T12:38:19.046Z
80JSC023FA143,"YULISTA SOLUTIONS, LLC",C6KAN1XKA915,National Aeronautics and Space Administration,National Aeronautics and Space Administration,161738153.05,131912255.51,DELIVERY ORDER,488190,OTHER SUPPORT ACTIVITIES FOR AIR TRANSPORTATION,J016,MAINT/REPAIR/REBUILD OF EQUIPMENT- AIRCRAFT COMPONENTS AND ACCESSORIES,TX,UNITED STATES,2023-03-01,2026-09-30,"THE PURPOSE OF CHARLES IS TO PROVIDE SUPPORT FOR AIRCRAFT AT JSC, BASED AT ELLINGTON FIELD IN HOUSTON, AND AT EL PASO, TEXAS",https://www.usaspending.gov/award/CONT_AWD_80JSC023FA143_8000_80JSC023DA017_8000,2026-09-25T12:38:19.046Z
19AQMM19F0022,"TATITLEK TECHNOLOGIES, LLC",Y6EBGJ91P6R5,Department of State,Department of State,159859326.44,37042803.04,DELIVERY ORDER,561210,FACILITIES SUPPORT SERVICES,Z1AA,MAINTENANCE OF OFFICE BUILDINGS,DC,UNITED STATES,2018-11-01,2027-02-28,COMPLETE FACILITIES MAINTENANCE SERVICES HARRY S. TRUMAN FEDERAL BUILDING,https://www.usaspending.gov/award/CONT_AWD_19AQMM19F0022_1900_19AQMM18D0118_1900,2026-09-25T12:38:19.046Z
80MSFC21FA009,CGI FEDERAL INC.,TRKEP1HEBNS5,National Aeronautics and Space Administration,National Aeronautics and Space Administration,158904952.71,152126393.84,DELIVERY ORDER,541715,"RESEARCH AND DEVELOPMENT IN THE PHYSICAL, ENGINEERING, AND LIFE SCIENCES (EXCEPT NANOTECHNOLOGY AND BIOTECHNOLOGY)",R408,SUPPORT- PROFESSIONAL: PROGRAM MANAGEMENT/SUPPORT,AL,UNITED STATES,2021-09-01,2026-08-31,PROGRAM SUPPORT SERVICES (CPSS) PROGRAMMATIC SUBJECT MATTER EXPERT (SME) IDIQ TASK ORDER FOR MARSHALL SPACE FLIGHT CENTER (MSFC).,https://www.usaspending.gov/award/CONT_AWD_80MSFC21FA009_8000_80MSFC21DA007_8000,2026-09-25T12:38:19.046Z
15JPSS26C00000450,V2X SYSTEMS LLC,RRFJZGASZJ41,Department of Justice,"Offices, Boards and Divisions",158000000,,DEFINITIVE CONTRACT,541199,ALL OTHER LEGAL SERVICES,R418,SUPPORT- PROFESSIONAL: LEGAL,CO,UNITED STATES,2026-10-01,2027-09-30,INTERNATIONAL ASET RECOVERY,https://www.usaspending.gov/award/CONT_AWD_15JPSS26C00000450_1501_-NONE-_-NONE-,2026-09-25T12:38:19.046Z
1630J418C0001,ADAMS AND ASSOCIATES INC,HV9FBNEWXMY9,Department of Labor,Office of the Assistant Secretary for Administration and Management,157998487.56,127733080.56,DEFINITIVE CONTRACT,611519,OTHER TECHNICAL AND TRADE SCHOOLS,M1CZ,OPERATION OF OTHER EDUCATIONAL BUILDINGS,TX,UNITED STATES,2017-10-30,2023-03-31,IGF::OT::IGF GARY JCC,https://www.usaspending.gov/award/CONT_AWD_1630J418C0001_1605_-NONE-_-NONE-,2026-09-25T12:38:19.046Z
49100424F0001,BOOZ ALLEN HAMILTON INC,JCBMLGPE6Z71,National Science Foundation,National Science Foundation,154938140.8,122273831.68,DELIVERY ORDER,541512,COMPUTER SYSTEMS DESIGN SERVICES,DA01,IT AND TELECOM - BUSINESS APPLICATION/APPLICATION DEVELOPMENT SUPPORT SERVICES (LABOR),VA,UNITED STATES,2024-01-01,2026-12-31,INFORMATION TECHNOLOGY MISSION APPLICATION SUPPORT,https://www.usaspending.gov/award/CONT_AWD_49100424F0001_4900_47QTCK18D0004_4732,2026-09-25T12:38:19.046Z
70B04C20F00001314,UNISSANT INC.,U8PWX251MWG6,Department of Homeland Security,U.S. Customs and Border Protection,153799279.73,122230387.86,DELIVERY ORDER,541512,COMPUTER SYSTEMS DESIGN SERVICES,D305,"IT AND TELECOM – TELEPROCESSING, TIMESHARE, CLOUD COMPUTING, AND HIGH PERFORMANCE COMPUTING",VA,UNITED STATES,2020-09-30,2026-09-27,VETTING SERVIVCES,https://www.usaspending.gov/award/CONT_AWD_70B04C20F00001314_7014_HHSN316201200184W_7529,2026-09-25T12:38:19.046Z
36C10B23F0125,"EMERGENT, LLC",NUNVJJM2UYY1,Department of Veterans Affairs,Department of Veterans Affairs,149986487.38,121743372.34,DELIVERY ORDER,541519,OTHER COMPUTER RELATED SERVICES,DA10,IT AND TELECOM - BUSINESS APPLICATION/APPLICATION DEVELOPMENT SOFTWARE AS A SERVICE,VA,UNITED STATES,2023-05-05,2026-04-30,NASA SEWP DELIVERY ORDER AWARD FOR ORACLE ENTERPRISE LICENSE AGREEMENT 2023,https://www.usaspending.gov/award/CONT_AWD_36C10B23F0125_3600_NNG15SC33B_8000,2026-09-25T12:38:19.046Z
2031ZA24F00674,KOENIG & BAUER BANKNOTE SOLUTIONS SA,TCZFWUA1HE55,Department of the Treasury,Bureau of Engraving and Printing,149724421.16,30722384,DELIVERY ORDER,333248,ALL OTHER INDUSTRIAL MACHINERY MANUFACTURING,3610,"PRINTING, DUPLICATING, AND BOOKBINDING EQUIPMENT",,SWITZERLAND,2024-09-30,2034-09-30,INTAGLIO PRESSES FOR BEP FACILITIES ORDER,https://www.usaspending.gov/award/CONT_AWD_2031ZA24F00674_2041_2031ZA24D00009_2041,2026-09-25T12:38:19.046Z
697DCK26C00269,WALSH FEDERAL LLC,DMFWBVTL9324,Department of Transportation,Federal Aviation Administration,148798000,,DEFINITIVE CONTRACT,236220,COMMERCIAL AND INSTITUTIONAL BUILDING CONSTRUCTION,Y1BA,CONSTRUCTION OF AIR TRAFFIC CONTROL TOWERS,CA,UNITED STATES,2026-09-19,2030-02-05,DB SMF ATCT REPLACEMENT,https://www.usaspending.gov/award/CONT_AWD_697DCK26C00269_6920_-NONE-_-NONE-,2026-09-25T12:38:19.046Z
80GSFC25CA034,"COLUMBUS TECHNOLOGIES AND SERVICES, INC",TMF3UAC8J6M8,National Aeronautics and Space Administration,National Aeronautics and Space Administration,145215317.19,87100585.6,DEFINITIVE CONTRACT,541715,"RESEARCH AND DEVELOPMENT IN THE PHYSICAL, ENGINEERING, AND LIFE SCIENCES (EXCEPT NANOTECHNOLOGY AND BIOTECHNOLOGY)",AJ13,GENERAL SCIENCE & TECHNOLOGY R&D SVCS; GENERAL SCIENCE & TECHNOLOGY; EXPERIMENTAL DEVELOPMENT,MD,UNITED STATES,2025-04-09,2030-04-08,"STUDY, DESIGN, DEVELOPMENT, FABRICATION, INTEGRATION, TESTING, VERIFICATION, AND OPERATIONS OF SPACE FLIGHT, AIRBORNE, AND GROUND SYSTEM HARDWARE, INCLUDING DEVELOPMENT AND VALIDATION OF NEW TECHNOLOGIES TO ENABLE FUTURE SPACE AND SCIENCE MISSIONS.",https://www.usaspending.gov/award/CONT_AWD_80GSFC25CA034_8000_-NONE-_-NONE-,2026-09-25T12:38:19.046Z
205AE926F00106,ACCENTURE FEDERAL SERVICES LLC,C47BNA8GM833,Department of the Treasury,Internal Revenue Service,144829925.14,,DELIVERY ORDER,541512,COMPUTER SYSTEMS DESIGN SERVICES,DA01,IT AND TELECOM - BUSINESS APPLICATION/APPLICATION DEVELOPMENT SUPPORT SERVICES (LABOR),VA,UNITED STATES,2026-08-15,2027-08-14,INTEGRATED ENTERPRISE PORTALS (IEP) 1.5 BRIDGE,https://www.usaspending.gov/award/CONT_AWD_205AE926F00106_2050_47QTCK18D0036_4732,2026-09-25T12:38:19.046Z
89603024F0002,ACCENTURE FEDERAL SERVICES LLC,C47BNA8GM833,Department of Energy,Federal Energy Regulatory Commission,141861624.56,115702284.42,BPA CALL,541512,COMPUTER SYSTEMS DESIGN SERVICES,DF01,IT AND TELECOM - IT MANAGEMENT SUPPORT SERVICES (LABOR),DC,UNITED STATES,2024-01-01,2026-11-30,CORE IT SERVICES - CBOSS BPA,https://www.usaspending.gov/award/CONT_AWD_89603024F0002_8960_89303019AIM000005_8900,2026-09-25T12:38:19.046Z
80TECH24FA015,"FOUR POINTS TECHNOLOGY, L.L.C.",H1KHJPJH9R51,National Aeronautics and Space Administration,National Aeronautics and Space Administration,138586858.39,88232081.66,DELIVERY ORDER,541519,OTHER COMPUTER RELATED SERVICES,DB10,IT AND TELECOM - COMPUTE AS A SERVICE: MAINFRAME/SERVERS,VA,UNITED STATES,2024-02-01,2029-01-31,THIS DELIVERY ORDER IS FOR PROVIDING AN ENTERPRISE-WIDE SOLUTION FOR CLOUD SERVICES,https://www.usaspending.gov/award/CONT_AWD_80TECH24FA015_8000_NNG15SD22B_8000,2026-09-25T12:38:19.046Z
70T02020F3KOIA019,ACCENTURE FEDERAL SERVICES LLC,C47BNA8GM833,Department of Homeland Security,Transportation Security Administration,138296675.36,100169331.24,DELIVERY ORDER,541512,COMPUTER SYSTEMS DESIGN SERVICES,D302,IT AND TELECOM- SYSTEMS DEVELOPMENT,VA,UNITED STATES,2021-12-07,2026-12-06,THE PURPOSE OF THIS ORDER IS TO PROVIDE ADAPTIVE MAINTENANCE SERVICES LIMITED TIER 2 SUPPORT SERVICES AND TIER 3 SUPPORT SERVICES FOR TECHNOLOGY SOLUTIONS DIVISION'S CREDENTIALING SYSTEMS.,https://www.usaspending.gov/award/CONT_AWD_70T02020F3KOIA019_7013_47QTCK18D0036_4732,2026-09-25T12:38:19.046Z
16PBGC24F0050,SERCO INC,DKJ1R5ABCN48,Pension Benefit Guaranty Corporation,Pension Benefit Guaranty Corporation,136460457.44,95657998.09,DELIVERY ORDER,541330,ENGINEERING SERVICES,R499,SUPPORT- PROFESSIONAL: OTHER,VA,UNITED STATES,2024-07-04,2027-07-03,THIS TO IS TO  IMPROVE CUSTOMER SERVICE SCORES REPORTED BY A 3RD-PARTY VENDOR WHO COMPLETES A QUARTERLY PARTICIPANT CALLER SURVEY. PSD SEEKS TO IMPROVE CX BY REDUCING THE NUMBER OF CONTACTS & PAPER FORMS CUSTOMERS COMPLETE TO FULFILL REQUESTS.,https://www.usaspending.gov/award/CONT_AWD_16PBGC24F0050_1665_GS00Q14OADU132_4732,2026-09-25T12:38:19.046Z
73351023F0009,"ADVANCED TECHNOLOGY LEADERS, INC.",JKNLLBMXNKV3,Small Business Administration,Small Business Administration,135638164.84,135638164.84,DELIVERY ORDER,541512,COMPUTER SYSTEMS DESIGN SERVICES,DA01,IT AND TELECOM - BUSINESS APPLICATION/APPLICATION DEVELOPMENT SUPPORT SERVICES (LABOR),DC,UNITED STATES,2022-12-15,2025-12-14,SBA OFFICE OF CAPITAL ACCESS (OCA) UNIFIED LENDING PLATFORM (ULP)/DISASTER LENDING PLATFORM TRANSITION,https://www.usaspending.gov/award/CONT_AWD_73351023F0009_7300_47QTCB21D0320_4732,2026-09-25T12:38:19.046Z
80MSFC25F0004,"NOVA SPACE SOLUTIONS, LLC",M22SBEVJBAV6,National Aeronautics and Space Administration,National Aeronautics and Space Administration,135627912.65,19627438.83,DELIVERY ORDER,561210,FACILITIES SUPPORT SERVICES,M1JZ,OPERATION OF MISCELLANEOUS BUILDINGS,LA,UNITED STATES,2025-07-01,2025-09-30,THIS COSMIC TASK ORDER IS CREATED FOR FUNDING OF THE COST PLUS INCENTIVE FEE CLIN 9004 OF 80SSC025D0001,https://www.usaspending.gov/award/CONT_AWD_80MSFC25F0004_8000_80SSC025D0001_8000,2026-09-25T12:38:19.046Z
75D30122C12989,KARNA LLC,NJLLXGYE3273,Department of Health and Human Services,Centers for Disease Control and Prevention,132975651.77,103246565.91,DEFINITIVE CONTRACT,541990,"ALL OTHER PROFESSIONAL, SCIENTIFIC, AND TECHNICAL SERVICES",Q999,MEDICAL- OTHER,GA,UNITED STATES,2021-11-29,2027-02-28,BRIDGE CONTRACT - WTC HEALTH PROGRAM,https://www.usaspending.gov/award/CONT_AWD_75D30122C12989_7523_-NONE-_-NONE-,2026-09-25T12:38:19.046Z
NNL17AA43T,"AMENTUM TECHNOLOGY, INC.",H2RGSKWXKHQ5,National Aeronautics and Space Administration,National Aeronautics and Space Administration,131410867.79,64325627.65,DELIVERY ORDER,561210,FACILITIES SUPPORT SERVICES,Z1JZ,MAINTENANCE OF MISCELLANEOUS BUILDINGS,VA,UNITED STATES,2017-01-26,2026-09-30,"IGF::CT::IGF THIS ""TASK ORDER"" HAS BEEN CREATED IN THE CONTRACT MANAGEMENT MODULE (CMM) SYSTEM FOR FUNDING PURPOSES ONLY AND IS NOT AN ACTUAL TASK ORDER WITH A STATEMENT OF WORK AND OTHER TASK ORDER REQUIREMENTS.  THIS ""TASK ORDER"" HAS BEEN CREATED FOR FUNDING OBLIGATIONS ONLY AND TO ACCOUNT FOR CMM AND SAP FINANCIAL SYSTEM FUNCTIONALITY.  THIS ""TASK ORDER"" IS TO FUND NNL13AA14C CLIN 403 (CPFF IDIQ).  CENTER MAINTENANCE, OPERATIONS, AND ENGINEERING (CMOE) CONTRACT. REQUIREMENT FOR THE MAINTENANCE, OPERATIONS, AND ENGINEERING OF LARC'S INSTITUTIONAL FACILITIES AND HIGHLY TECHNICAL RESEARCH FACILITIES FOR MISSION SUCCESS.  THE CMOE CONTRACT WILL PROVIDE CORE SUPPORT SERVICES TO LARC IN THE AREAS OF INSTITUTIONAL AND RESEARCH OPERATIONS, MAINTENANCE, AND ENGINEERING (OME).  THESE TECHNICAL SERVICES INCLUDE:  RESEARCH FACILITIES OPERATIONS (E.G., HIGHLY SPECIALIZED WIND TUNNELS, LABORATORIES, TEST STANDS, INSTRUMENTATION CALIBRATION/REPAIR); CENTRAL UTILITIES OPERATIONS (E.G., STEAM, COMPRESSED AIR, ELECTRICAL POWER DISTRIBUTION, POTABLE WATER); TECHNOLOGY DEVELOPMENT/ADMINISTRATION (E.G., FACILITY AUTOMATION SYSTEMS [FAS], DATA ACQUISITION SYSTEMS [DAS]); RESEARCH AND INSTITUTIONAL FACILITY MAINTENANCE (E.G., PREVENTIVE MAINTENANCE, TROUBLE CALLS, RELIABILITY CENTERED MAINTENANCE [RCM], FACILITY CONDITION ASSESSMENT [FCA]); AND FACILITY ENGINEERING (E.G., DESIGN, CONSTRUCTION, CONFIGURATION MANAGEMENT, TACTICAL ENGINEERING, PRESSURE SYSTEM RECERTIFICATION, PROJECT MANAGEMENT/PLANNING SUPPORT).",https://www.usaspending.gov/award/CONT_AWD_NNL17AA43T_8000_NNL13AA14C_8000,2026-09-25T12:38:19.046Z
47QFRA24F0008,"MANTECH ADVANCED SYSTEMS INTERNATIONAL, INC.",JY2BDT2K58Z6,General Services Administration,Federal Acquisition Service,127720460.06,0,DELIVERY ORDER,541512,COMPUTER SYSTEMS DESIGN SERVICES,DA01,IT AND TELECOM - BUSINESS APPLICATION/APPLICATION DEVELOPMENT SUPPORT SERVICES (LABOR),VA,UNITED STATES,2024-05-01,2027-04-30,CDM DEFEND GROUP E  BRIDGE TASK ORDER,https://www.usaspending.gov/award/CONT_AWD_47QFRA24F0008_4732_47QTCK18D0031_4732,2026-09-25T12:38:19.046Z
VA101F16C0025,"WALSH PUERTO RICO, LLC",XLA4X8QL49S5,Department of Veterans Affairs,Department of Veterans Affairs,127400370.63,40453042.1,DEFINITIVE CONTRACT,236220,COMMERCIAL AND INSTITUTIONAL BUILDING CONSTRUCTION,Y1DA,CONSTRUCTION OF HOSPITALS AND INFIRMARIES,PR,UNITED STATES,2015-12-30,2026-08-31,IGF::OT::IGF CONSTRUCTION SERVICES,https://www.usaspending.gov/award/CONT_AWD_VA101F16C0025_3600_-NONE-_-NONE-,2026-09-25T12:38:19.046Z
75N97022F00002,DELOITTE CONSULTING LLP,CKV2L9GZKJK3,Department of Health and Human Services,National Institutes of Health,125661972.1,100989855.52,DELIVERY ORDER,541512,COMPUTER SYSTEMS DESIGN SERVICES,R499,SUPPORT- PROFESSIONAL: OTHER,VA,UNITED STATES,2021-12-16,2027-09-22,IT SERVICES,https://www.usaspending.gov/award/CONT_AWD_75N97022F00002_7529_HHSN316201200018W_7529,2026-09-25T12:38:19.046Z
DTFAWA10D00003CALL0005,"GENERAL DYNAMICS INFORMATION TECHNOLOGY, INC.",SMNWM6HN79X5,Department of Transportation,Federal Aviation Administration,125606486.51,41287877.68,DELIVERY ORDER,811213,COMMUNICATION EQUIPMENT REPAIR AND MAINTENANCE,S113,TELEPHONE AND-OR COMMUNICATIONS SER,VA,UNITED STATES,2010-05-28,2026-10-31,FAA ADMINISTRATIVE VOICE ENTERPRISE SERVICES (FAVES),https://www.usaspending.gov/award/CONT_AWD_DTFAWA10D00003CALL0005_6920_DTFAWA10D00003_6920,2026-09-25T12:38:19.046Z
1332KP22FNEEA0040,"GAMA-1 TECHNOLOGIES, LLC",L3LZRJNCQSA6,Department of Commerce,National Oceanic and Atmospheric Administration,125339737.72,73149626.84,BPA CALL,541519,OTHER COMPUTER RELATED SERVICES,DC10,IT AND TELECOM - DATA CENTER AS A SERVICE,MD,UNITED STATES,2022-09-09,2027-09-08,NCCF SUBJECT MATTER EXPERTISE FOR CLOUD DEVELOPMENT AND INNOVATION INITIATIVES,https://www.usaspending.gov/award/CONT_AWD_1332KP22FNEEA0040_1330_1305M421ANAAA0038_1330,2026-09-25T12:38:19.046Z
693KA825F00199,"FREQUENTIS USA, INC",P35CUAWMBQ19,Department of Transportation,Federal Aviation Administration,125037647,107018879.75,DELIVERY ORDER,334210,TELEPHONE APPARATUS MANUFACTURING,7C21,IT AND TELECOM - OTHER DATA CENTER FACILITIES PRODUCTS (HARDWARE AND PERPETUAL LICENSE SOFTWARE),MD,UNITED STATES,2025-03-01,2027-12-31,PRODUCTION OF APC UNITS AND APCMS'.,https://www.usaspending.gov/award/CONT_AWD_693KA825F00199_6920_693KA824D00007_6920,2026-09-25T12:38:19.046Z
75FCMC19F0112,DELOITTE CONSULTING LLP,CKV2L9GZKJK3,Department of Health and Human Services,Centers for Medicare and Medicaid Services,122227713.79,81059371.58,DELIVERY ORDER,541330,ENGINEERING SERVICES,R499,SUPPORT- PROFESSIONAL: OTHER,VA,UNITED STATES,2019-09-25,2027-09-21,PROGRAM INTEGRITY MODELING AND ANALYTIC SUPPORT CONTRACT,https://www.usaspending.gov/award/CONT_AWD_75FCMC19F0112_7530_GS00Q14OADU113_4732,2026-09-25T12:38:19.046Z
36C10B21C0014,PERATON ENTERPRISE SOLUTIONS LLC,MBSRAWAQ9559,Department of Veterans Affairs,Department of Veterans Affairs,119677337.62,46974071.78,DEFINITIVE CONTRACT,541512,COMPUTER SYSTEMS DESIGN SERVICES,DA01,IT AND TELECOM - BUSINESS APPLICATION/APPLICATION DEVELOPMENT SUPPORT SERVICES (LABOR),VA,UNITED STATES,2021-05-21,2026-07-31,INFRASTRUCTURE AS A MANAGED SERVICE,https://www.usaspending.gov/award/CONT_AWD_36C10B21C0014_3600_-NONE-_-NONE-,2026-09-25T12:38:19.046Z
19AQMM23F0045,"ACUITY - JANUS GLOBAL, LLC",XZN5ZX4CDA69,Department of State,Department of State,116774170.24,7197969.03,DELIVERY ORDER,561612,SECURITY GUARDS AND PATROL SERVICES,R430,SUPPORT- PROFESSIONAL: PHYSICAL SECURITY AND BADGING,,IRAQ,2023-01-04,2027-01-03,NEW AWARD/IRBIL,https://www.usaspending.gov/award/CONT_AWD_19AQMM23F0045_1900_19AQMM21D0009_1900,2026-09-25T12:38:19.046Z
693KA726C00059,"L3HARRIS TECHNOLOGIES, INC.",QM4EZDV15JL8,Department of Transportation,Federal Aviation Administration,116529779.52,47389661.4,DEFINITIVE CONTRACT,541330,ENGINEERING SERVICES,R425,SUPPORT- PROFESSIONAL: ENGINEERING/TECHNICAL,FL,UNITED STATES,2026-03-31,2031-03-30,THE SURVEILLANCE AND BROADCAST SERVICES (SBS II) PROGRAM IS THE FOLLOW-ON TO SBS I WHICH WAS CREATED IN 2005 AND TASKED TO DEPLOY NEW SURVEILLANCE SERVICES ENABLED BY AUTOMATIC DEPENDENT SURVEILLANCE-BROADCAST (ADS-B).,https://www.usaspending.gov/award/CONT_AWD_693KA726C00059_6920_-NONE-_-NONE-,2026-09-25T12:38:19.046Z
70FB8024F00000079,FLUOR FEDERAL SERVICES INC,NZ9CUMF36PK1,Department of Homeland Security,Federal Emergency Management Agency,115542591.92,114835053.81,DELIVERY ORDER,541611,ADMINISTRATIVE MANAGEMENT AND GENERAL MANAGEMENT CONSULTING SERVICES,R429,SUPPORT- PROFESSIONAL: EMERGENCY RESPONSE/DISASTER PLANNING/PREPAREDNESS SUPPORT,FL,UNITED STATES,2024-09-20,2026-06-17,"PA-TAC V - FLORIDA MULTIPLE DISASTERS (EAST ZONE) - FEMA PUBLIC ASSISTANCE (PA) DISASTER OPERATIONS SUPPORT FOR DR-4337-FL HURRICANE IRMA 4399-FL HURRICANE MICHAEL 4468-FL HURRICANE DORIAN 4564-FL, HURRICANE SALLY 4673-FL HURRICANE IAN 4709-FL S",https://www.usaspending.gov/award/CONT_AWD_70FB8024F00000079_7022_70FB8024D00000003_7022,2026-09-25T12:38:19.046Z
75D30122C12935,"MANAGED CARE ADVISORS, INC.",P3LNRFU5L122,Department of Health and Human Services,Centers for Disease Control and Prevention,113140289.38,93708376.25,DEFINITIVE CONTRACT,524114,DIRECT HEALTH AND MEDICAL INSURANCE CARRIERS,Q999,MEDICAL- OTHER,MD,UNITED STATES,2021-11-29,2027-02-28,WTCHP NATIONWIDE PROVIDER NETWORK,https://www.usaspending.gov/award/CONT_AWD_75D30122C12935_7523_-NONE-_-NONE-,2026-09-25T12:38:19.046Z
70RFP224FREC00024,TRIPLE CANOPY INC,F481BZWYCZA7,Department of Homeland Security,Office of Procurement Operations,110617980.73,83951839.71,DELIVERY ORDER,561612,SECURITY GUARDS AND PATROL SERVICES,S206,HOUSEKEEPING- GUARD,DC,UNITED STATES,2024-07-01,2026-12-31,PROTECTIVE SECURITY OFFICER (PSO) SERVICES IN WASHINGTON DC,https://www.usaspending.gov/award/CONT_AWD_70RFP224FREC00024_7001_70RFP224DEC000011_7001,2026-09-25T12:38:19.046Z
28321326FDS030046,CGI FEDERAL INC.,TRKEP1HEBNS5,Social Security Administration,Social Security Administration,110542852.84,27638659.05,DELIVERY ORDER,541519,OTHER COMPUTER RELATED SERVICES,DF01,IT AND TELECOM - IT MANAGEMENT SUPPORT SERVICES (LABOR),VA,UNITED STATES,2026-03-17,2027-09-28,"TASK ORDER AGAINST ITSSC IDIQ CONTRACT SS00-17-60018 FOR APPLICATION PERFORMANCE MANAGEMENT (APM), REPRESENTATIVE PAYEE MONITORING TOOL (RPMT), SHARED IT AND ENTERPRISE SERVICES (SITES), AND SYSTEMS OPERATIONS AND HARDWARE ENGINEERING (SOHE) SUPPORT",https://www.usaspending.gov/award/CONT_AWD_28321326FDS030046_2800_SS001760018_2800,2026-09-25T12:38:19.046Z
1333BJ21F00280021,BOOZ ALLEN HAMILTON INC,JCBMLGPE6Z71,Department of Commerce,U.S. Patent and Trademark Office,110371285.18,-5451.87,DELIVERY ORDER,541512,COMPUTER SYSTEMS DESIGN SERVICES,7A20,IT AND TELECOM - APPLICATION DEVELOPMENT SOFTWARE (PERPETUAL LICENSE SOFTWARE),VA,UNITED STATES,2020-12-23,2027-06-30,NWOW FOR ALL 6 TRADEMARK PRODUCT LINES,https://www.usaspending.gov/award/CONT_AWD_1333BJ21F00280021_1344_47QTCK18D0004_4732,2026-09-25T12:38:19.046Z
75A50122C00031,CROSSJECT SA,NLXZHCL3NLL3,Department of Health and Human Services,Office of Assistant Secretary for Preparedness and Response,108841769,33462160.26,DEFINITIVE CONTRACT,541714,RESEARCH AND DEVELOPMENT IN BIOTECHNOLOGY (EXCEPT NANOBIOTECHNOLOGY),AN13,HEALTH R&D SERVICES; HEALTH CARE SERVICES; EXPERIMENTAL DEVELOPMENT,,FRANCE,2022-06-22,2030-06-21,ADVANCED RESEARCH AND DEVELOPMENT AND DELIVERY OF ADULT AND PEDIATRIC MIDAZOLAM AUTOINJECTORS THAT HAVE RECEIVED EMERGENCY USE AUTHORIZATION (EUA) OR FDA APPROVAL FOR THE TREATMENT OF STATUS EPILEPTICUS SEIZURES IN ADULT AND PEDIATRIC POPULATIONS (2+,https://www.usaspending.gov/award/CONT_AWD_75A50122C00031_7505_-NONE-_-NONE-,2026-09-25T12:38:19.046Z
HHSO100201600002C,"BASILEA PHARMACEUTICA INTERNATIONAL LTD, ALLSCHWIL",UA43HWRNXFS3,Department of Health and Human Services,Office of Assistant Secretary for Preparedness and Response,108445186.87,29727540.72,DEFINITIVE CONTRACT,541711,RESEARCH AND DEVELOPMENT IN BIOTECHNOLOGY,AN13,HEALTH R&D SERVICES; HEALTH CARE SERVICES; EXPERIMENTAL DEVELOPMENT,,SWITZERLAND,2016-04-19,2026-04-18,IGF::OT::IGF ADVANCED DEVELOPMENT OF CEFTOBIPROLE,https://www.usaspending.gov/award/CONT_AWD_HHSO100201600002C_7505_-NONE-_-NONE-,2026-09-25T12:38:19.046Z
80SSC023FA002,SYNCOM SPACE SERVICES LLC,GM2QNEGF7CA3,National Aeronautics and Space Administration,National Aeronautics and Space Administration,106844693.39,105327815.7,DELIVERY ORDER,561210,FACILITIES SUPPORT SERVICES,M1HB,OPERATION OF GOVERNMENT-OWNED GOVERNMENT-OPERATED (GOGO) R&D FACILITIES,MS,UNITED STATES,2023-02-02,2025-06-30,"SYNERGY-ACHIEVING CONSOLIDATED OPERATIONS AND MAINTENANCE, COST PLUS INCENTIVE FEE - INDEFINITE DELIVERY INDEFINITE QUANTITY",https://www.usaspending.gov/award/CONT_AWD_80SSC023FA002_8000_NNS15AA01C_8000,2026-09-25T12:38:19.046Z
49100420F0014,BY LIGHT PROFESSIONAL IT SERVICES LLC,NKKQE6FG4C28,National Science Foundation,National Science Foundation,102879336.05,64975010.29,DELIVERY ORDER,541512,COMPUTER SYSTEMS DESIGN SERVICES,D318,"IT AND TELECOM- INTEGRATED HARDWARE/SOFTWARE/SERVICES SOLUTIONS, PREDOMINANTLY SERVICES",VA,UNITED STATES,2020-01-01,2026-11-30,IT INFRASTRUCTURE SUPPORT (ITIS),https://www.usaspending.gov/award/CONT_AWD_49100420F0014_4900_47QTCK18D0020_4732,2026-09-25T12:38:19.046Z
47QFLA21F0245,"SABEL SYSTEMS TECHNOLOGY SOLUTIONS, LLC",F65SGFW2TUC6,General Services Administration,Federal Acquisition Service,102692739.32,0,DELIVERY ORDER,541511,CUSTOM COMPUTER PROGRAMMING SERVICES,DA10,IT AND TELECOM - BUSINESS APPLICATION/APPLICATION DEVELOPMENT SOFTWARE AS A SERVICE,CA,UNITED STATES,2021-09-24,2027-03-23,SMC ZA DIGITAL ENGINEERING ENVIRONMENT DEE,https://www.usaspending.gov/award/CONT_AWD_47QFLA21F0245_4732_47QFLA19D0007_4732,2026-09-25T12:38:19.046Z
DTFA0102D03006CALL0006,HARRIS CORPORATION,E98VT6T8R7E1,Department of Transportation,Federal Aviation Administration,101646307.02,22118140.55,DELIVERY ORDER,517310,TELECOMMUNICATIONS RESELLERS,R425,SUPPORT- PROFESSIONAL: ENGINEERING/TECHNICAL,FL,UNITED STATES,2008-06-13,2023-09-30,SUMMARIZED LEGACY LINES FROM ACQUIRE,https://www.usaspending.gov/award/CONT_AWD_DTFA0102D03006CALL0006_6920_DTFA0102D03006_6920,2026-09-25T12:38:19.046Z
2031ZA22C00388,KOENIG & BAUER BANKNOTE SOLUTIONS SA,TCZFWUA1HE55,Department of the Treasury,Bureau of Engraving and Printing,101611201.78,64026162.95,DEFINITIVE CONTRACT,333318,OTHER COMMERCIAL AND SERVICE INDUSTRY MACHINERY MANUFACTURING,3695,MISCELLANEOUS SPECIAL INDUSTRY MACHINERY,,SWITZERLAND,2022-09-15,2028-02-14,SNI FINISHING SYSTEM,https://www.usaspending.gov/award/CONT_AWD_2031ZA22C00388_2041_-NONE-_-NONE-,2026-09-25T12:38:19.046Z
693KA720C00012,"ALLIANT INSURANCE SERVICES, INC.",LE9BP4DLA965,Department of Transportation,Federal Aviation Administration,101530928.2,97113356.28,DEFINITIVE CONTRACT,524210,INSURANCE AGENCIES AND BROKERAGES,G008,SOCIAL- GOVERNMENT INSURANCE PROGRAMS: OTHER,CA,UNITED STATES,2020-06-30,2027-09-30,AVIATION LIABILITY INSURANCE AND BROKERAGE SERVICES,https://www.usaspending.gov/award/CONT_AWD_693KA720C00012_6920_-NONE-_-NONE-,2026-09-25T12:38:19.046Z
80SSC025F0005,"NOVA SPACE SOLUTIONS, LLC",M22SBEVJBAV6,National Aeronautics and Space Administration,National Aeronautics and Space Administration,99553622.8,10881362.54,DELIVERY ORDER,561210,FACILITIES SUPPORT SERVICES,M1JZ,OPERATION OF MISCELLANEOUS BUILDINGS,MS,UNITED STATES,2025-07-01,2033-09-30,THIS COSMIC TASK ORDER IS CREATED FOR FUNDING OF THE COST-PLUS-INCENTIVE-FEE CLIN 9002 OF 80SSC025D0001.,https://www.usaspending.gov/award/CONT_AWD_80SSC025F0005_8000_80SSC025D0001_8000,2026-09-25T12:38:19.046Z
47PF0021C0003,"WHITING-TURNER CONTRACTING COMPANY, THE",VEP4UN7LDMK5,General Services Administration,Public Buildings Service,99474888.78,75970751.68,DEFINITIVE CONTRACT,236220,COMMERCIAL AND INSTITUTIONAL BUILDING CONSTRUCTION,Y1AA,CONSTRUCTION OF OFFICE BUILDINGS,OH,UNITED STATES,2020-10-26,2027-03-03,"CONTRACTOR TO PROVIDE BRIDGING DESIGN BUILD SERVICES FOR THE ASHLEY U.S. COURTHOUSE MODERNIZATION AND NEW ANNEX PROJECT IN TOLEDO, OHIO.",https://www.usaspending.gov/award/CONT_AWD_47PF0021C0003_4740_-NONE-_-NONE-,2026-09-25T12:38:19.046Z
1305M424F0170,"GENERAL DYNAMICS INFORMATION TECHNOLOGY, INC.",SMNWM6HN79X5,Department of Commerce,National Oceanic and Atmospheric Administration,99350257.88,21718234.51,DELIVERY ORDER,541512,COMPUTER SYSTEMS DESIGN SERVICES,7B20,IT AND TELECOM - HIGH PERFORMANCE COMPUTE (HARDWARE AND PERPETUAL LICENSE SOFTWARE),WV,UNITED STATES,2025-02-26,2031-09-30,TO-40: RDHPCS - NESCC COMPUTE AND FILE SYSTEMS UPDATE,https://www.usaspending.gov/award/CONT_AWD_1305M424F0170_1330_DOCST133018CQ0073_1330,2026-09-25T12:38:19.046Z
19AQMM24F2319,IMPROVIX TECHNOLOGIES INC,JDP4LVPK5JR9,Department of State,Department of State,99301661.04,0,DELIVERY ORDER,541512,COMPUTER SYSTEMS DESIGN SERVICES,DA01,IT AND TELECOM - BUSINESS APPLICATION/APPLICATION DEVELOPMENT SUPPORT SERVICES (LABOR),DC,UNITED STATES,2024-09-30,2027-09-29,CLOUD PROGRAM MANAGEMENT SERVICES - NEW AWARD,https://www.usaspending.gov/award/CONT_AWD_19AQMM24F2319_1900_47QTCB22D0109_4732,2026-09-25T12:38:19.046Z
47QFCA22F0040,"HIVE GROUP, LLC",WC2WA7J7DJJ9,General Services Administration,Federal Acquisition Service,99224117.8,39215872.66,DELIVERY ORDER,541611,ADMINISTRATIVE MANAGEMENT AND GENERAL MANAGEMENT CONSULTING SERVICES,R499,SUPPORT- PROFESSIONAL: OTHER,VA,UNITED STATES,2022-09-26,2027-09-25,SQUAT AWARD,https://www.usaspending.gov/award/CONT_AWD_47QFCA22F0040_4732_47QRAA21D000W_4732,2026-09-25T12:38:19.046Z
75N91021F00013,LEIDOS BIOMEDICAL RESEARCH INC,HV8BH9BPG8Y9,Department of Health and Human Services,National Institutes of Health,98565258.55,58192164.15,DELIVERY ORDER,541715,"RESEARCH AND DEVELOPMENT IN THE PHYSICAL, ENGINEERING, AND LIFE SCIENCES (EXCEPT NANOTECHNOLOGY AND BIOTECHNOLOGY)",AN12,HEALTH R&D SERVICES; HEALTH CARE SERVICES; APPLIED RESEARCH,MD,UNITED STATES,2021-08-31,2028-02-28,ENABLING NCI CLINICAL & RESEARCH DATA SHARING,https://www.usaspending.gov/award/CONT_AWD_75N91021F00013_7529_75N91019D00024_7529,2026-09-25T12:38:19.046Z
693JK422F9550005,WASHINGTON METROPOLITAN AREA TRANSIT AUTHORITY,PDARJGK7FKC7,Department of Transportation,Immediate Office of the Secretary of Transportation,97521425.7,76810473.8,DELIVERY ORDER,485999,ALL OTHER TRANSIT AND GROUND PASSENGER TRANSPORTATION,V999,TRANSPORTATION/TRAVEL/RELOCATION- OTHER: OTHER,DC,UNITED STATES,2021-10-01,2026-09-30,THE PURPOSE OF THIS TASK ORDER IS THAT THE CONTRACTOR SHALL PROVIDE FEDERAL EMPLOYEES THE MEANS TO OBTAIN SPECIFIC TRANSIT BENEFITS WITHIN THE NATIONAL CAPITOL REGION (NCR) THROUGH THE SMART BENEFIT PROGRAM IN ACCORDANCE WITH THE STATEMENT OF WORK.,https://www.usaspending.gov/award/CONT_AWD_693JK422F9550005_6901_693JK421D500004_6901,2026-09-25T12:38:19.046Z
140A1622F0158,"TEPA EC, LLC",EZMNZ2HYHFB7,Department of the Interior,Bureau of Indian Affairs and Bureau of Indian Education,97142092.67,77746660.92,DELIVERY ORDER,236220,COMMERCIAL AND INSTITUTIONAL BUILDING CONSTRUCTION,Y1CA,CONSTRUCTION OF SCHOOLS,AZ,UNITED STATES,2022-08-29,2027-09-21,T'IIS NAZBAS COMMUNITY SCHOOL & 20 QUARTERS - DESIGN BUILD,https://www.usaspending.gov/award/CONT_AWD_140A1622F0158_1450_140A1618D0009_1450,2026-09-25T12:38:19.046Z
140D0422F0528,"GENERAL DYNAMICS INFORMATION TECHNOLOGY, INC.",SMNWM6HN79X5,Department of the Interior,Departmental Offices,96168374.86,71395429.19,DELIVERY ORDER,541511,CUSTOM COMPUTER PROGRAMMING SERVICES,DA01,IT AND TELECOM - BUSINESS APPLICATION/APPLICATION DEVELOPMENT SUPPORT SERVICES (LABOR),VA,UNITED STATES,2022-07-07,2027-07-06,IHS SOFTWARE ENGINEERING SUPPORT SERVICES,https://www.usaspending.gov/award/CONT_AWD_140D0422F0528_1406_GS35F393CA_4732,2026-09-25T12:38:19.046Z
47QFCA21F0003,PARSONS GOVERNMENT SERVICES INC.,NMBCAG1JBKL7,General Services Administration,Federal Acquisition Service,94881148.13,-168644.58,DELIVERY ORDER,541512,COMPUTER SYSTEMS DESIGN SERVICES,R425,SUPPORT- PROFESSIONAL: ENGINEERING/TECHNICAL,CO,UNITED STATES,2021-05-06,2026-11-09,THE SMC/SPG REQUIRES A RANGE OF CONTRACTOR-PROVIDED INFORMATION TECHNOLOGY (IT) SERVICES AND SOLUTIONS TO PROVIDE PROGRAM SUBJECT MATTER EXPERTISE AND SYSTEM LIFE-CYCLE SUPPORT TO THE INTEGRATED SOLUTIONS FOR SITUATIONAL AWARENESS (ISSA) SYSTEM.,https://www.usaspending.gov/award/CONT_AWD_47QFCA21F0003_4732_47QTCK18D0052_4732,2026-09-25T12:38:19.046Z
91003125F0304,"F.H. CANN & ASSOCIATES, INC.",JLCRDYL2L161,Department of Education,Department of Education,94698837.53,65334949.53,DELIVERY ORDER,522320,"FINANCIAL TRANSACTIONS PROCESSING, RESERVE, AND CLEARINGHOUSE ACTIVITIES",R699,SUPPORT- ADMINISTRATIVE: OTHER,MA,UNITED STATES,2024-11-01,2026-12-21,STEADY-STATE TASK ORDER 2 AWARDED AGAINST F.H. CANN'S NEXT GEN (NG) BUSINESS PROCESS OPERATIONS (BPO) IDIQ CONTRACT FOR NON-SERVICING AND SPECIALTY PROGRAMS (SPS) CONTACT CENTER SUPPORT AND BACK-OFFICE PROCESSING.,https://www.usaspending.gov/award/CONT_AWD_91003125F0304_9100_91003120D0008_9100,2026-09-25T12:38:19.046Z
29FTC121F0002,"LEIDOS, INC.",JSTDGZNFP4A3,Federal Trade Commission,Federal Trade Commission,94595376.01,71819092.06,BPA CALL,541519,OTHER COMPUTER RELATED SERVICES,DD01,"IT AND TELECOM - SERVICE DELIVERY SUPPORT SERVICES: ITSM, OPERATIONS CENTER, PROJECT/PM (LABOR)",DC,UNITED STATES,2020-11-30,2026-11-30,SENTINEL NETWORK SERVICES,https://www.usaspending.gov/award/CONT_AWD_29FTC121F0002_2900_29FTC118A0009_2900,2026-09-25T12:38:19.046Z
70T03022F7667N027,"AT&T ENTERPRISES, LLC",MX89BGD5FK75,Department of Homeland Security,Transportation Security Administration,93355833.04,19015803.99,DELIVERY ORDER,517110,WIRED TELECOMMUNICATIONS CARRIERS,DG11,IT and Telecom - Network: Satellite Communications and Telecom Access Services,VA,UNITED STATES,2022-12-01,2027-05-31,DATA NETWORK AND VOICE SERVICES P00002 RESCINDED THE STOP WORK ORDER AND CHANGED THE POP FROM 8/1/22 TO 1/31/23 TO 12/1/22 TO 5/31/23.,https://www.usaspending.gov/award/CONT_AWD_70T03022F7667N027_7013_GS00Q17NSD3000_4732,2026-09-25T12:38:19.046Z
47QFCA24F0038,SCIENCE APPLICATIONS INTERNATIONAL CORPORATION,MMLKPW9JLX64,General Services Administration,Federal Acquisition Service,93054063,0,DELIVERY ORDER,541512,COMPUTER SYSTEMS DESIGN SERVICES,DA01,IT AND TELECOM - BUSINESS APPLICATION/APPLICATION DEVELOPMENT SUPPORT SERVICES (LABOR),NV,UNITED STATES,2024-09-01,2027-08-31,NORAD  USNORTHCOM INFORMATION TECHNOLOGY IT ENTERPRISE SERVICES (NITES) BASE AWARD.,https://www.usaspending.gov/award/CONT_AWD_47QFCA24F0038_4732_47QTCK18D0001_4732,2026-09-25T12:38:19.046Z
12314424F0350,MICROSOFT CORPORATION,FMVPEWNJGLM1,Department of Agriculture,Office of the Chief Financial Officer,92969660.86,53599875.22,DELIVERY ORDER,518210,"COMPUTING INFRASTRUCTURE PROVIDERS, DATA PROCESSING, WEB HOSTING, AND RELATED SERVICES",DA10,IT AND TELECOM - BUSINESS APPLICATION/APPLICATION DEVELOPMENT SOFTWARE AS A SERVICE,DC,UNITED STATES,2024-07-17,2029-07-16,MICROSOFT AZURE STRATUS HSTXXX0000002144 93A34F,https://www.usaspending.gov/award/CONT_AWD_12314424F0350_1205_12314424G0011_1205,2026-09-25T12:38:19.046Z
15F06722F0000818,VERIZON BUSINESS NETWORK SERVICES LLC,GEYFS4D96R55,Department of Justice,Federal Bureau of Investigation,92602111.38,60237883.06,DELIVERY ORDER,517110,WIRED TELECOMMUNICATIONS CARRIERS,DG11,IT and Telecom - Network: Satellite Communications and Telecom Access Services,VA,UNITED STATES,2022-05-19,2027-05-19,FBI EIS TASK #1 AWARD UNDER GSA EIS CONTRACT,https://www.usaspending.gov/award/CONT_AWD_15F06722F0000818_1549_GS00Q17NSD3009_4732,2026-09-25T12:38:19.046Z
47QFLA22F0176,LINQUEST CORPORATION,HQBRRJBLDQ37,General Services Administration,Federal Acquisition Service,90165926.39,0,DELIVERY ORDER,541715,"RESEARCH AND DEVELOPMENT IN THE PHYSICAL, ENGINEERING, AND LIFE SCIENCES (EXCEPT NANOTECHNOLOGY AND BIOTECHNOLOGY)",AC12,NATIONAL DEFENSE R&D SERVICES; DEPARTMENT OF DEFENSE - MILITARY; APPLIED RESEARCH,OH,UNITED STATES,2022-08-01,2027-07-31,DIGITAL ENGINEERING RESEARCH AND DEVELOPMENT FOR AFRL DIGITAL TRANSFORMATION TASK ORDER 3,https://www.usaspending.gov/award/CONT_AWD_47QFLA22F0176_4732_47QFLA21D0008_4732,2026-09-25T12:38:19.046Z
89303026FIM000188,ACCENTURE FEDERAL SERVICES LLC,C47BNA8GM833,Department of Energy,Department of Energy,89468823.17,22335279.54,BPA CALL,541512,COMPUTER SYSTEMS DESIGN SERVICES,DA01,IT AND TELECOM - BUSINESS APPLICATION/APPLICATION DEVELOPMENT SUPPORT SERVICES (LABOR),DC,UNITED STATES,2025-12-18,2027-12-17,BLANKET PURCHASE AGREEMENT (BPA) ORDER FOR CHIEF INFORMATION OFFICER (CIO) BUSINESS OPERATIONS SUPPORT SERVICES (CBOSS) 2.0. ORDER LEVEL MATERIALS (OLM),https://www.usaspending.gov/award/CONT_AWD_89303026FIM000188_8900_89303025AIM000023_8900,2026-09-25T12:38:19.046Z
15F06723F0001542,XPECT SOLUTIONS LLC,CKHRQTHY92F3,Department of Justice,Federal Bureau of Investigation,88626141.6,63942355.77,DELIVERY ORDER,541519,OTHER COMPUTER RELATED SERVICES,DF01,IT AND TELECOM - IT MANAGEMENT SUPPORT SERVICES (LABOR),VA,UNITED STATES,2023-09-25,2027-09-24,NETWORK ENGINEERING AND MANAGEMENT OPERATIONS (NEMO) SERVICES,https://www.usaspending.gov/award/CONT_AWD_15F06723F0001542_1549_GS35F457AA_4732,2026-09-25T12:38:19.046Z
89303326FEM400478,"WEST VALLEY CLEANUP ALLIANCE, LLC",Z5KTE27LY8M1,Department of Energy,Department of Energy,87716848.43,24337849.07,DELIVERY ORDER,562910,REMEDIATION SERVICES,F999,OTHER ENVIRONMENTAL SERVICES,OH,UNITED STATES,2026-01-16,2030-01-17,DEPARTMENT OF ENERGY (DOE) ENVIRONMENTAL MANAGEMENT (EM) WEST VALLEY DEMONSTRATION PROJECT (WVDP) PHASE 1B TASK ORDER 3,https://www.usaspending.gov/award/CONT_AWD_89303326FEM400478_8900_89303325DEM000121_8900,2026-09-25T12:38:19.046Z
80JSC025F7057,FIREFLY AEROSPACE INC.,UJHHLTAPK7N5,National Aeronautics and Space Administration,National Aeronautics and Space Administration,86533552.39,45935981.78,DELIVERY ORDER,481212,NONSCHEDULED CHARTERED FREIGHT AIR TRANSPORTATION,AR14,"SPACE R&D SERVICES; SPACE FLIGHT, RESEARCH AND SUPPORTING ACTIVITIES; R&D ADMINISTRATIVE EXPENSES",TX,UNITED STATES,2025-07-29,2030-04-02,COMMERCIAL LUNAR PAYLOAD SERVICES (CLPS) CONTRACT TASK ORDER CS-6.,https://www.usaspending.gov/award/CONT_AWD_80JSC025F7057_8000_80HQTR19D0009_8000,2026-09-25T12:38:19.046Z
140D0423F1114,"SENECA STRATEGIC PARTNERS, LLC",V9BHF33RNSG1,Department of the Interior,Departmental Offices,86018195.01,29899494.07,DELIVERY ORDER,334220,RADIO AND TELEVISION BROADCASTING AND WIRELESS COMMUNICATIONS EQUIPMENT MANUFACTURING,7G20,IT AND TELECOM - NETWORK: ANALOG VOICE PRODUCTS (HARDWARE AND PERPETUAL LICENSE SOFTWARE),NY,UNITED STATES,2023-09-19,2028-04-28,FLY-OUT (FO) SYSTEMS AND SUPPORT EQUIPMENT,https://www.usaspending.gov/award/CONT_AWD_140D0423F1114_1406_140D0423D0078_1406,2026-09-25T12:38:19.046Z
70RFP425FRE600009,VENDTECH-SGI LLC,NSPMUN5U9GZ3,Department of Homeland Security,Office of Procurement Operations,85942252.95,62574034.03,DELIVERY ORDER,561612,SECURITY GUARDS AND PATROL SERVICES,S206,HOUSEKEEPING- GUARD,MO,UNITED STATES,2021-10-01,2026-09-30,"ARMED PROTECTIVE SECURITY OFFICER (PSO) SERVICES THROUGHOUT THE STATES OF IOWA, KANSAS, MISSOURI, AND NEBRASKA",https://www.usaspending.gov/award/CONT_AWD_70RFP425FRE600009_7001_70RFP421DE6000001_7001,2026-09-25T12:38:19.046Z
70B03C20F00000452,RAPISCAN SYSTEMS INC,UCDDUN6A6S17,Department of Homeland Security,U.S. Customs and Border Protection,85670927.68,38771998.32,DELIVERY ORDER,334517,IRRADIATION APPARATUS MANUFACTURING,6665,HAZARD-DETECTING INSTRUMENTS AND APPARATUS,CA,UNITED STATES,2020-07-01,2027-12-31,HIGH ENERGY RAIL SYSTEMS,https://www.usaspending.gov/award/CONT_AWD_70B03C20F00000452_7014_70B03C20D00000013_7014,2026-09-25T12:38:19.046Z
75N95024C00003,"WESTAT, INC.",NVUWAFWQ57S5,Department of Health and Human Services,National Institutes of Health,85470330,37666143.03,DEFINITIVE CONTRACT,541715,"RESEARCH AND DEVELOPMENT IN THE PHYSICAL, ENGINEERING, AND LIFE SCIENCES (EXCEPT NANOTECHNOLOGY AND BIOTECHNOLOGY)",AN11,HEALTH R&D SERVICES; HEALTH CARE SERVICES; BASIC RESEARCH,MD,UNITED STATES,2024-02-01,2030-11-30,POPULATION ASSESSMENT OF TOBACCO AND HEALTH (PATH) STUDY PERIOD OF PERFORMANCE: 02/01/2024-01/31/2029,https://www.usaspending.gov/award/CONT_AWD_75N95024C00003_7529_-NONE-_-NONE-,2026-09-25T12:38:19.046Z
89303021FIG400014,KPMG LLP,MAA3SBSDQVM1,Department of Energy,Department of Energy,85251474.2,71393106.6,DELIVERY ORDER,541211,OFFICES OF CERTIFIED PUBLIC ACCOUNTANTS,R703,SUPPORT- MANAGEMENT: ACCOUNTING,VA,UNITED STATES,2021-06-01,2026-11-30,"THE PURPOSE OF THE DELIVERY/TASK ORDER IS TO PROVIDE FINANCIAL STATEMENT AUDIT SERVICES TO THE U.S. DEPARTMENT OF ENERGY, OFFICE OF INSPECTOR GENERAL.",https://www.usaspending.gov/award/CONT_AWD_89303021FIG400014_8900_GS00F275CA_4732,2026-09-25T12:38:19.046Z
47QFRA25F0001,"ECS FEDERAL, LLC",XYB4JU4PA6T4,General Services Administration,Federal Acquisition Service,83163236.89,,DELIVERY ORDER,541512,COMPUTER SYSTEMS DESIGN SERVICES,DA01,IT AND TELECOM - BUSINESS APPLICATION/APPLICATION DEVELOPMENT SUPPORT SERVICES (LABOR),VA,UNITED STATES,2025-04-28,2026-09-27,TECHNICAL ENGINEERING SUPPORT SERVICES (TESS) AWARD,https://www.usaspending.gov/award/CONT_AWD_47QFRA25F0001_4732_47QTCK18D0047_4732,2026-09-25T12:38:19.046Z
36C10X26K0559,"MEDLINE INDUSTRIES, LP",DMPAKJ9N9K66,Department of Veterans Affairs,Department of Veterans Affairs,82387714.43,,DELIVERY ORDER,423450,"MEDICAL, DENTAL, AND HOSPITAL EQUIPMENT AND SUPPLIES MERCHANT WHOLESALERS",6515,"MEDICAL AND SURGICAL INSTRUMENTS, EQUIPMENT, AND SUPPLIES",IL,UNITED STATES,2026-08-01,2026-08-31,EXPRESS REPORT: MEDICAL SURGICAL PRIME VENDOR EXPENDITURES FOR THE MONTH OF AUG 2026,https://www.usaspending.gov/award/CONT_AWD_36C10X26K0559_3600_36C10X23D0032_3600,2026-09-25T12:38:19.046Z
47QFCA26C0001,"LEIDOS, INC.",UE9QJD4KK1L6,General Services Administration,Federal Acquisition Service,82317217,0,DEFINITIVE CONTRACT,624190,OTHER INDIVIDUAL AND FAMILY SERVICES,G099,SOCIAL- OTHER,VA,UNITED STATES,2026-04-17,2027-06-30,"THIS CONTRACT IS FOR SERVICES IN SUPPORT OF THE MILITARY ONESOURCE PROGRAM FOR MILITARY MEMBERS AND THEIR FAMILIES, SIMILAR TO A COMMERCIAL EMPLOYEE ASSISTANCE PROGRAM (EAP).",https://www.usaspending.gov/award/CONT_AWD_47QFCA26C0001_4732_-NONE-_-NONE-,2026-09-25T12:38:19.046Z
47QFWA22F0001,TEKSOUTH CORPORATION,MDUHCLAXK589,General Services Administration,Federal Acquisition Service,81964854.5,-27,DELIVERY ORDER,541611,ADMINISTRATIVE MANAGEMENT AND GENERAL MANAGEMENT CONSULTING SERVICES,DA01,IT AND TELECOM - BUSINESS APPLICATION/APPLICATION DEVELOPMENT SUPPORT SERVICES (LABOR),MD,UNITED STATES,2022-01-23,2027-01-22,FINANCIAL MANAGEMENT AND IT SUPPORT,https://www.usaspending.gov/award/CONT_AWD_47QFWA22F0001_4732_GS00F323CA_4732,2026-09-25T12:38:19.046Z
80NM0020F0013,CALIFORNIA INSTITUTE OF TECHNOLOGY,YC1YP79BFD19,National Aeronautics and Space Administration,National Aeronautics and Space Administration,81698829,81833829,DELIVERY ORDER,541715,"RESEARCH AND DEVELOPMENT IN THE PHYSICAL, ENGINEERING, AND LIFE SCIENCES (EXCEPT NANOTECHNOLOGY AND BIOTECHNOLOGY)",AR22,R&D- SPACE: SCIENCE/APPLICATIONS (APPLIED RESEARCH/EXPLORATORY DEVELOPMENT),CA,UNITED STATES,2020-01-14,2026-09-27,COOPERATIVE AUTONOMOUS DISTRIBUTED ROBOTIC EXPLORERS TECH DEMONSTRATION (CADRE) 15-107746,https://www.usaspending.gov/award/CONT_AWD_80NM0020F0013_8000_80NM0018D0004_8000,2026-09-25T12:38:19.046Z
693KA923F00037,CONCEPT SOLUTIONS LLC,LJHJJWALKA93,Department of Transportation,Federal Aviation Administration,81411458.94,75985120.62,BPA CALL,541511,CUSTOM COMPUTER PROGRAMMING SERVICES,R499,SUPPORT- PROFESSIONAL: OTHER,VA,UNITED STATES,2023-01-11,2027-01-03,EFAST PA 23-002-SS FEDERAL NOTAM SYSTEM (FNS) MODERNIZATION SUPPORT,https://www.usaspending.gov/award/CONT_AWD_693KA923F00037_6920_DTFAWA10A00084_6920,2026-09-25T12:38:19.046Z
15DDHQ22F00000334,"EAGLE HARBOR, LLC",KYNNE53LWS99,Department of Justice,Drug Enforcement Administration,80916069.64,65064985.72,DELIVERY ORDER,541330,ENGINEERING SERVICES,R408,SUPPORT- PROFESSIONAL: PROGRAM MANAGEMENT/SUPPORT,VA,UNITED STATES,2022-05-23,2027-03-22,"(T&M) CONTRACT FOR PROFESSIONAL, TECHNICAL AND ADMINISTRATIVE SUPPORT SERVICES (PTASS) FOR THE INTELLIGENCE DIVISION (NC) MERRIFIELD, CHANTILLY, AND ARLINGTON, VA (HQ)",https://www.usaspending.gov/award/CONT_AWD_15DDHQ22F00000334_1524_47QRAD20D8111_4732,2026-09-25T12:38:19.046Z
47QFCA21C0006,PERATON TECHNOLOGY SERVICES INC.,CJ38H41QMGA1,General Services Administration,Federal Acquisition Service,80726953.11,74746648.49,DEFINITIVE CONTRACT,541715,"RESEARCH AND DEVELOPMENT IN THE PHYSICAL, ENGINEERING, AND LIFE SCIENCES (EXCEPT NANOTECHNOLOGY AND BIOTECHNOLOGY)",AC33,NATIONAL DEFENSE R&D SERVICES; DEFENSE-RELATED ACTIVITIES; EXPERIMENTAL DEVELOPMENT,VA,UNITED STATES,2021-02-19,2026-08-18,SPACE WEATHER AND FORECAST SYSTEM,https://www.usaspending.gov/award/CONT_AWD_47QFCA21C0006_4732_-NONE-_-NONE-,2026-09-25T12:38:19.046Z
19AQMM21C0121,"ACUITY - CHS MIDDLE EAST, LLC",FGUQEEM254K6,Department of State,Department of State,80255165.64,,DEFINITIVE CONTRACT,622110,GENERAL MEDICAL AND SURGICAL HOSPITALS,Q999,MEDICAL- OTHER,,IRAQ,2021-09-19,2023-09-18,MEDICAL SUPPORT SERVICES FOR U.S. EMBASSY,https://www.usaspending.gov/award/CONT_AWD_19AQMM21C0121_1900_-NONE-_-NONE-,2026-09-25T12:38:19.046Z
75N97023F00096,"A-TEK, INC.",HCCFTD1R3UL3,Department of Health and Human Services,National Institutes of Health,79831017.33,53968626.78,DELIVERY ORDER,541511,CUSTOM COMPUTER PROGRAMMING SERVICES,R499,SUPPORT- PROFESSIONAL: OTHER,MD,UNITED STATES,2023-09-28,2027-09-27,SYSTEM ADMINISTRATION AND MANAGEMENT SUPPORT FOR BIOMEDICAL AND BIBLIOGRAPHIC INFORMATION RESOURCES,https://www.usaspending.gov/award/CONT_AWD_75N97023F00096_7529_47QTCA19D00J1_4732,2026-09-25T12:38:19.046Z
47QFCA23F0011,"ZEIDERS ENTERPRISES, INC.",RCLZPE5HEQ24,General Services Administration,Federal Acquisition Service,79680438.58,0,DELIVERY ORDER,541611,ADMINISTRATIVE MANAGEMENT AND GENERAL MANAGEMENT CONSULTING SERVICES,R408,SUPPORT- PROFESSIONAL: PROGRAM MANAGEMENT/SUPPORT,VA,UNITED STATES,2023-02-27,2027-02-26,SPOUSE EDUCATION AND CAREER OPPORTUNITIES SECO,https://www.usaspending.gov/award/CONT_AWD_47QFCA23F0011_4732_GS02F0234W_4730,2026-09-25T12:38:19.046Z
36C10F24C0007,"SEABEE CONSTRUCTION, INC.",UDY3ZHRNZSA7,Department of Veterans Affairs,Department of Veterans Affairs,79260028.55,61671067.06,DEFINITIVE CONTRACT,237990,OTHER HEAVY AND CIVIL ENGINEERING CONSTRUCTION,Y1PC,CONSTRUCTION OF UNIMPROVED REAL PROPERTY (LAND),WA,UNITED STATES,2024-10-31,2027-06-15,CONSTRUCTION OF TAHOMA NATIONAL CEMETERY PHASE 3 DEVELOPMENT,https://www.usaspending.gov/award/CONT_AWD_36C10F24C0007_3600_-NONE-_-NONE-,2026-09-25T12:38:19.046Z
1605JW22C0014,MANAGEMENT & TRAINING CORPORATION,G58ZEJ7HJGM1,Department of Labor,Office of the Assistant Secretary for Administration and Management,79212933.27,65963121.12,DEFINITIVE CONTRACT,611519,OTHER TECHNICAL AND TRADE SCHOOLS,U006,EDUCATION/TRAINING- VOCATIONAL/TECHNICAL,NV,UNITED STATES,2022-07-13,2027-07-31,JOB CORPS IS A VOCATIONAL TRAINING PROGRAM FOR YOUTH BETWEEN THE AGES OF 16 AND 24. THIS CONTRACT IS FOR THE OPERATION OF SIERRA NEVADA JOB CORPS CENTER.,https://www.usaspending.gov/award/CONT_AWD_1605JW22C0014_1605_-NONE-_-NONE-,2026-09-25T12:38:19.046Z
75N98026C00026,DLA TROOP SUPPORT,JSJMNWTKEJN3,Department of Health and Human Services,National Institutes of Health,76809000,32319640.51,DEFINITIVE CONTRACT,325412,PHARMACEUTICAL PREPARATION MANUFACTURING,6505,DRUGS AND BIOLOGICALS,PA,UNITED STATES,2026-04-10,2027-04-09,PHARMACEUTICALS AND RELATED SUPPLIES UNITED STATES DEPARTMENT OF DEFENSE:1133869 [26-003472],https://www.usaspending.gov/award/CONT_AWD_75N98026C00026_7529_-NONE-_-NONE-,2026-09-25T12:38:19.046Z
1605JE22C0014,MANAGEMENT & TRAINING CORPORATION,G58ZEJ7HJGM1,Department of Labor,Office of the Assistant Secretary for Administration and Management,76763638.34,0,DEFINITIVE CONTRACT,611519,OTHER TECHNICAL AND TRADE SCHOOLS,U006,EDUCATION/TRAINING- VOCATIONAL/TECHNICAL,NJ,UNITED STATES,2022-06-29,2027-06-30,OPERATIONS OF THE EDISON JOB CORPS CENTER WITH OUTREACH AND ADMISSIONS AND CAREER TRANSITION SERVICES.,https://www.usaspending.gov/award/CONT_AWD_1605JE22C0014_1605_-NONE-_-NONE-,2026-09-25T12:38:19.046Z
693KA725F00017,CGI FEDERAL INC.,TRKEP1HEBNS5,Department of Transportation,Federal Aviation Administration,76312736.5,47221002.61,DELIVERY ORDER,518210,"COMPUTING INFRASTRUCTURE PROVIDERS, DATA PROCESSING, WEB HOSTING, AND RELATED SERVICES",DF10,IT AND TELECOM - IT MANAGEMENT AS A SERVICE,VA,UNITED STATES,2025-09-30,2026-09-30,THIS FUNDING IS FOR THE AWARD OF THE NOTAM MODERNIZATION/NOTAM MANAGEMENT SERVICE (NMS) CONTRACT AS THE FOLLOW-ON TO THE NOTAM CHALLENGE-BASED ACQUISITION.  MODERNIZING THE NOTAM AND AERONAUTICAL INFORMATION SYSTEMS HAS BECOME A NATIONAL PRIORITY.  T,https://www.usaspending.gov/award/CONT_AWD_693KA725F00017_6920_693KA725D00001_6920,2026-09-25T12:38:19.046Z
693JJ623C000003,ENSCO INC,DP3FAQE2UGT3,Department of Transportation,Federal Railroad Administration,75635687.92,53581278.63,DEFINITIVE CONTRACT,541330,ENGINEERING SERVICES,H222,EQUIPMENT AND MATERIALS TESTING- RAILWAY EQUIPMENT,VA,UNITED STATES,2023-04-01,2027-03-31,"THE GOVERNMENT HAS A NEED FOR CONTRACTED SERVICES SUPPORTING THE AUTOMATED TRACK INSPECTION PROGRAM (ATIP). ATIP PROVIDES GUIDANCE AND UNDERSTANDING REGARDING ON-TRACK SAFETY REQUIREMENTS, GEOMETRY MEASUREMENT TECHNOLOGY, OPERATION, AND NATIONAL DEPL",https://www.usaspending.gov/award/CONT_AWD_693JJ623C000003_6930_-NONE-_-NONE-,2026-09-25T12:38:19.046Z
49100420F0036,"SYNECTICS FOR MANAGEMENT DECISIONS, INC.",VNMWLBY2K1E5,National Science Foundation,National Science Foundation,75315330.9,53958885.66,DELIVERY ORDER,541512,COMPUTER SYSTEMS DESIGN SERVICES,D399,IT AND TELECOM- OTHER IT AND TELECOMMUNICATIONS,VA,UNITED STATES,2020-02-26,2027-03-31,EDAS,https://www.usaspending.gov/award/CONT_AWD_49100420F0036_4900_HHSN316201200174W_7529,2026-09-25T12:38:19.046Z
70LGLY22CGLB00001,GEORGIA VOCATIONAL REHABILITATION AGENCY,DLM1KL6LJ5M9,Department of Homeland Security,Federal Law Enforcement Training Center,75266583.59,62795744.88,DEFINITIVE CONTRACT,722310,FOOD SERVICE CONTRACTORS,M1FD,OPERATION OF DINING FACILITIES,GA,UNITED STATES,2022-02-01,2026-09-30,"FOOD SERVICES, FLETC GLYNCO CAMPUS, GA: THE CONTRACTOR SHALL PROVIDE ALL LABOR, SUPPLIES, MATERIALS, EQUIPMENT AND SUPERVISION NECESSARY TO SERVE THREE MEALS IN BLDG. 75 AND LUNCH IN BLDG. 260.",https://www.usaspending.gov/award/CONT_AWD_70LGLY22CGLB00001_7015_-NONE-_-NONE-,2026-09-25T12:38:19.046Z
693KA826F00278,"AT&T ENTERPRISES, LLC",MNALR8D818N7,Department of Transportation,Federal Aviation Administration,74300000,,DELIVERY ORDER,517810,ALL OTHER TELECOMMUNICATIONS,DG11,IT and Telecom - Network: Satellite Communications and Telecom Access Services,GA,UNITED STATES,2026-08-12,2027-08-10,FAA ENTERPRISE NETWORK SERVICES (FENS) - EARLY START DEVELOPMENT PLANNING ACTIVITIES TASK ORDER,https://www.usaspending.gov/award/CONT_AWD_693KA826F00278_6920_693KA826D00016_6920,2026-09-25T12:38:19.046Z
47QFLA25F0054,VIASAT INC,L9Z1ASN3B8E7,General Services Administration,Federal Acquisition Service,73025679.62,,DELIVERY ORDER,334290,OTHER COMMUNICATIONS EQUIPMENT MANUFACTURING,7G20,IT AND TELECOM - NETWORK: ANALOG VOICE PRODUCTS (HARDWARE AND PERPETUAL LICENSE SOFTWARE),NC,UNITED STATES,2025-05-28,2030-05-27,VIASAT TO16,https://www.usaspending.gov/award/CONT_AWD_47QFLA25F0054_4732_47QFLA25D0001_4732,2026-09-25T12:38:19.046Z
80GSFC23CA048,"MCCALLIE ASSOCIATES, INC.",W84AQWLPM7V9,National Aeronautics and Space Administration,National Aeronautics and Space Administration,71041048.8,58182064.99,DEFINITIVE CONTRACT,541715,"RESEARCH AND DEVELOPMENT IN THE PHYSICAL, ENGINEERING, AND LIFE SCIENCES (EXCEPT NANOTECHNOLOGY AND BIOTECHNOLOGY)",R425,SUPPORT- PROFESSIONAL: ENGINEERING/TECHNICAL,MD,UNITED STATES,2023-12-01,2028-11-30,"MISSION SYSTEMS ENGINEERING AND PAYLOAD AND INSTRUMENT SYSTEMS ENGINEERING SERVICES AS WELL AS GUIDANCE, NAVIGATION, AND CONTROL SYSTEMS SERVICES, WHICH INCLUDES GUIDANCE, NAVIGATION AND CONTROL (GN&C) SYSTEMS ENGINEERING AND ATTITUDE CONTROL SYSTEMS",https://www.usaspending.gov/award/CONT_AWD_80GSFC23CA048_8000_-NONE-_-NONE-,2026-09-25T12:38:19.046Z
693KA920F00056,CONCEPT SOLUTIONS LLC,LJHJJWALKA93,Department of Transportation,Federal Aviation Administration,70794335.55,63524384.7,BPA CALL,541511,CUSTOM COMPUTER PROGRAMMING SERVICES,R499,SUPPORT- PROFESSIONAL: OTHER,VA,UNITED STATES,2020-02-26,2027-08-27,C3 SUPPORT SERVICES,https://www.usaspending.gov/award/CONT_AWD_693KA920F00056_6920_DTFAWA10A00084_6920,2026-09-25T12:38:19.046Z
70B02C23C00000124,"SIERRA NEVADA COMPANY, LLC",N1PWVLN6F4U1,Department of Homeland Security,U.S. Customs and Border Protection,70401585.48,56502269.54,DEFINITIVE CONTRACT,336411,AIRCRAFT MANUFACTURING,J015,MAINT/REPAIR/REBUILD OF EQUIPMENT- AIRCRAFT AND AIRFRAME STRUCTURAL COMPONENTS,CO,UNITED STATES,2023-09-28,2027-03-31,FOLLOW ON AWARD CONTRACT FOR AIRCRAFT MODIFICATIONS,https://www.usaspending.gov/award/CONT_AWD_70B02C23C00000124_7014_-NONE-_-NONE-,2026-09-25T12:38:19.046Z
28321325FA0010110,"FOUR POINTS TECHNOLOGY, L.L.C.",H1KHJPJH9R51,Social Security Administration,Social Security Administration,69859223,29378236.47,BPA CALL,541519,OTHER COMPUTER RELATED SERVICES,DK10,IT AND TELECOM - STORAGE AS A SERVICE,MD,UNITED STATES,2025-04-28,2027-09-29,CALL ORDER TO FUND OPTION YEAR 4 FOR CLOUD SERVICES - 28321321A00040003,https://www.usaspending.gov/award/CONT_AWD_28321325FA0010110_2800_28321321A00040003_2800,2026-09-25T12:38:19.046Z
692M1519F00263,LS TECHNOLOGIES LLC,K97DGB4NAKJ5,Department of Transportation,Federal Aviation Administration,68802870.14,66902971.76,DELIVERY ORDER,541330,ENGINEERING SERVICES,R425,SUPPORT- PROFESSIONAL: ENGINEERING/TECHNICAL,NJ,UNITED STATES,2019-05-02,2026-06-29,VERIFICATION&VALIDATION (V&V)/TEST&EVALUATION (T&E) SERVICES (VTS) SUPPORT SERVICES CONTRACT. SE2025 TORP #5134,https://www.usaspending.gov/award/CONT_AWD_692M1519F00263_6920_DTFAWA15D00030_6920,2026-09-25T12:38:19.046Z
75FCMC24C0011,"NORIDIAN HEALTHCARE SOLUTIONS, LLC",S9LBFM3QCED8,Department of Health and Human Services,Centers for Medicare and Medicaid Services,68453870,42914745.72,DEFINITIVE CONTRACT,524114,DIRECT HEALTH AND MEDICAL INSURANCE CARRIERS,G007,SOCIAL- GOVERNMENT HEALTH INSURANCE PROGRAMS,ND,UNITED STATES,2024-03-01,2031-02-28,"THE PURPOSE OF THIS CONTRACT IS TO OBTAIN A DURABLE MEDICAL EQUIPMENT (DME) MEDICARE ADMINISTRATIVE CONTRACTOR  TO PROVIDE SPECIFIED HEALTH INSURANCE BENEFIT ADMINISTRATION SERVICES, INCLUDING MEDICARE CLAIMS PROCESSING AND PAYMENT SERVICES, IN SUPPO",https://www.usaspending.gov/award/CONT_AWD_75FCMC24C0011_7530_-NONE-_-NONE-,2026-09-25T12:38:19.046Z
68HE0324F0075,"EA ENGINEERING, SCIENCE, AND TECHNOLOGY, INC., PBC",LEEMJD9WKDC9,Environmental Protection Agency,Environmental Protection Agency,68392408.58,55373799.05,DELIVERY ORDER,562910,REMEDIATION SERVICES,F108,ENVIRONMENTAL SYSTEMS PROTECTION- ENVIRONMENTAL REMEDIATION,PA,UNITED STATES,2024-09-26,2028-09-30,THIS IS A REMEDIATION ACTION FRAMEWORK (RAF) REMEDIATION ENVIRONMENTAL SERVICES (RES) TASK ORDER (TO) TO PROVIDE REMEDIATION TO SOURCE MATERIAL AND PRINCIPAL THREAT WASTE IN OPERABLE UNIT 2 (OU2) CONTAMINATED SOILS AND SEDIMENTS AT THE JACKSON CERAMI,https://www.usaspending.gov/award/CONT_AWD_68HE0324F0075_6800_68HERH19D0008_6800,2026-09-25T12:38:19.046Z
89233119CNA000027,SKOOKUM EDUCATIONAL PROGRAMS,M1TCVLSF65Z9,Department of Energy,Department of Energy,68160888.06,52426386.37,DEFINITIVE CONTRACT,561210,FACILITIES SUPPORT SERVICES,J023,"MAINT/REPAIR/REBUILD OF EQUIPMENT- GROUND EFFECT VEHICLES, MOTOR VEHICLES, TRAILERS, AND CYCLES",TN,UNITED STATES,2018-12-16,2026-12-15,"IGF::OT::IGF THE CONTRACTOR IS EXPECTED TO PROVIDE SERVICES TO INCLUDE: MANAGEMENT SERVICES, VEHICLE MAINTENANCE FACILITY (VMF) AND MOBILE ELECTRONIC MAINTENANCE FACILITY (MEMF), FACILITY AND GROUNDS MAINTENANCE AND INFRASTRUCTURE SYSTEMS SUPPORT AT",https://www.usaspending.gov/award/CONT_AWD_89233119CNA000027_8900_-NONE-_-NONE-,2026-09-25T12:38:19.046Z
19AQMM23F1234,ATLAS ADVISORS LLC,M4LJBL4QFXM5,Department of State,Department of State,68044917.79,1086064.31,DELIVERY ORDER,541930,TRANSLATION AND INTERPRETATION SERVICES,R408,SUPPORT- PROFESSIONAL: PROGRAM MANAGEMENT/SUPPORT,,QATAR,2023-05-22,2027-05-21,"LINGUIST SERVICES IN DOHA, QATAR & TIRANA, ALBANIA",https://www.usaspending.gov/award/CONT_AWD_19AQMM23F1234_1900_19AQMM19D0098_1900,2026-09-25T12:38:19.046Z
47QFCA25F0014,"CACI, INC. - FEDERAL",N3PBJAVNKF61,General Services Administration,Federal Acquisition Service,66681178,,DELIVERY ORDER,541990,"ALL OTHER PROFESSIONAL, SCIENTIFIC, AND TECHNICAL SERVICES",R499,SUPPORT- PROFESSIONAL: OTHER,,GERMANY,2025-05-01,2027-09-30,UNITED STATES AFRICA COMMAND USAFRICOM OPERATIONS PLANNING AND TRAINING SUPPORT 2 AOPTS 2 INITIAL AWARD.,https://www.usaspending.gov/award/CONT_AWD_47QFCA25F0014_4732_47QFCA22D0408_4732,2026-09-25T12:38:19.046Z
70FA3024F00000100,WIDEPOINT INTEGRATED SOLUTIONS CORP,MKJGBYTR5MM4,Department of Homeland Security,Federal Emergency Management Agency,66058253.63,41126460.05,DELIVERY ORDER,517911,TELECOMMUNICATIONS RESELLERS,DE11,IT AND TELECOM - MOBILE DEVICE AS A SERVICE,VA,UNITED STATES,2023-10-11,2026-10-10,THIS TASK ORDER 70FA3024F000000100 REPLACED TASK ORDER 70FA3024F0000001.,https://www.usaspending.gov/award/CONT_AWD_70FA3024F00000100_7022_70RTAC21D00000001_7001,2026-09-25T12:38:19.046Z
80GSFC24CA042,TRAX INTERNATIONAL CORPORATION,XDC4K4U6LDK6,National Aeronautics and Space Administration,National Aeronautics and Space Administration,64738401.2,49566298.64,DEFINITIVE CONTRACT,561210,FACILITIES SUPPORT SERVICES,R706,SUPPORT- MANAGEMENT: LOGISTICS SUPPORT,MD,UNITED STATES,2024-08-01,2027-07-31,"GODDARD LOGISTICS SERVICES CONTRACT - THE PRINCIPAL PURPOSE OF THIS REQUIREMENT IS TO SUPPORT NASA GSFC LOGISTICS MANAGEMENT NEEDS IN ORDER TO MEET EARTH SCIENCE, SPACE SCIENCE, AND EXPLORATION MISSION REQUIREMENTS.",https://www.usaspending.gov/award/CONT_AWD_80GSFC24CA042_8000_-NONE-_-NONE-,2026-09-25T12:38:19.046Z
36E77618F0018,"NORESCO, LLC",YJYYEDBU9Y69,Department of Veterans Affairs,Department of Veterans Affairs,64637366.75,,DELIVERY ORDER,541330,ENGINEERING SERVICES,C1DA,ARCHITECT AND ENGINEERING- CONSTRUCTION: HOSPITALS AND INFIRMARIES,IL,UNITED STATES,2017-12-21,2026-07-31,IGF::OT::IGF OTHER FUNCTIONS - ENERGY SAVINGS PERFORMANCE CONTRACT (ESPC) VISN 12,https://www.usaspending.gov/award/CONT_AWD_36E77618F0018_3600_DEAM3609GO29039_8900,2026-09-25T12:38:19.046Z
36C77026F0008,FEDERAL EXPRESS CORPORATION,EM7LMJJCF6B7,Department of Veterans Affairs,Department of Veterans Affairs,64252500,,DELIVERY ORDER,492110,COURIERS AND EXPRESS DELIVERY SERVICES,V112,TRANSPORTATION/TRAVEL/RELOCATION- TRANSPORTATION: MOTOR FREIGHT,KS,UNITED STATES,2025-10-01,2026-09-30,FED EX NGDS SHIPPING,https://www.usaspending.gov/award/CONT_AWD_36C77026F0008_3600_HTC71123DC023_9700,2026-09-25T12:38:19.046Z
19AQMM23C0064,SICRA ILE DE FRANCE,HW1ER5BA96X4,Department of State,Department of State,63931862.43,,DEFINITIVE CONTRACT,236220,COMMERCIAL AND INSTITUTIONAL BUILDING CONSTRUCTION,Y1AA,CONSTRUCTION OF OFFICE BUILDINGS,,FRANCE,2023-05-24,2027-05-04,"DESIGN BID BUILD CONSTRUCTION OF THE NEW RESIDENTIAL FACILITY (MSGR) IN PARIS, FRANCE",https://www.usaspending.gov/award/CONT_AWD_19AQMM23C0064_1900_-NONE-_-NONE-,2026-09-25T12:38:19.046Z
47QACA26F0335,"MINBURN TECHNOLOGY GROUP, LLC",WN8JFVZTBCA5,General Services Administration,Federal Acquisition Service,63849002.61,,BPA CALL,511210,SOFTWARE PUBLISHERS,DA10,IT AND TELECOM - BUSINESS APPLICATION/APPLICATION DEVELOPMENT SOFTWARE AS A SERVICE,VA,UNITED STATES,2026-07-31,2027-06-30,DISA ENTRA ID P2 MDEMDI,https://www.usaspending.gov/award/CONT_AWD_47QACA26F0335_4732_47QTCA21A0003_4732,2026-09-25T12:38:19.046Z
19AQMM19F1521,"PAGE FEDERAL SOLUTIONS, LLC",J85JGKRK33C6,Department of State,Department of State,63832628.39,22495853.74,DELIVERY ORDER,541330,ENGINEERING SERVICES,C1AA,ARCHITECT AND ENGINEERING- CONSTRUCTION: OFFICE BUILDINGS,,VIETNAM,2019-06-04,2031-11-30,HANOI PDS 2,https://www.usaspending.gov/award/CONT_AWD_19AQMM19F1521_1900_19AQMM18D0089_1900,2026-09-25T12:38:19.046Z
47PF0021C0020,"WHITING-TURNER CONTRACTING COMPANY, THE",VEP4UN7LDMK5,General Services Administration,Public Buildings Service,63361272.74,27209044.58,DEFINITIVE CONTRACT,236220,COMMERCIAL AND INSTITUTIONAL BUILDING CONSTRUCTION,Z2AA,REPAIR OR ALTERATION OF OFFICE BUILDINGS,OH,UNITED STATES,2021-02-18,2026-12-15,"AWARD # 47PF0021C0020, CONSTRUCTION MANAGER AS CONSTRUCTOR (CMC) FOR THE ANTHONY J. CELEBREZZE - VETERANS BENEFITS ADMINISTRATION (VBA) RENOVATION AND BACKFILL PROJECT, & DEFENSE FINANCE AND ACCOUNTING SERVICE (DFAS) CONSOLIDATION PROJECT.",https://www.usaspending.gov/award/CONT_AWD_47PF0021C0020_4740_-NONE-_-NONE-,2026-09-25T12:38:19.046Z
693KA921F00269,"REGULUS GROUP, LLC",NCKKGMNPX4W3,Department of Transportation,Federal Aviation Administration,63188665.43,57095900.14,DELIVERY ORDER,541330,ENGINEERING SERVICES,R408,SUPPORT- PROFESSIONAL: PROGRAM MANAGEMENT/SUPPORT,DC,UNITED STATES,2021-09-16,2027-12-31,SURVEILLANCE ACQUISITION SUSTAINMENT PROGRAM SUPPORT AJM 41,https://www.usaspending.gov/award/CONT_AWD_693KA921F00269_6920_693KA921D00005_6920,2026-09-25T12:38:19.046Z
89303019FIM000021,ACCENTURE FEDERAL SERVICES LLC,C47BNA8GM833,Department of Energy,Department of Energy,61952291.32,48645884.23,BPA CALL,541512,COMPUTER SYSTEMS DESIGN SERVICES,D318,"IT AND TELECOM- INTEGRATED HARDWARE/SOFTWARE/SERVICES SOLUTIONS, PREDOMINANTLY SERVICES",DC,UNITED STATES,2019-04-05,2022-03-06,BPA TASK ORDER ISSUED UNDER MASTER BPA 89303019AIM000005 FOR IT ODC PURCHASES SUPPORT SERVICES AND MATERIAL DELIVERY AND TRANSPORT FOR THE  U.S. DEPARTMENT OF ENERGY (DOE) OFFICE OF CHIEF INFORMATION OFFICER (OCIO),https://www.usaspending.gov/award/CONT_AWD_89303019FIM000021_8900_89303019AIM000005_8900,2026-09-25T12:38:19.046Z
1333BJ21F00280023,ACCENTURE FEDERAL SERVICES LLC,C47BNA8GM833,Department of Commerce,U.S. Patent and Trademark Office,61548906.11,0,DELIVERY ORDER,541512,COMPUTER SYSTEMS DESIGN SERVICES,7A20,IT AND TELECOM - APPLICATION DEVELOPMENT SOFTWARE (PERPETUAL LICENSE SOFTWARE),VA,UNITED STATES,2020-12-23,2027-06-30,NWOW FOR ALL 6 TRADEMARK PRODUCT LINES CONTRACT#: 47QTCK18D0036 / TO#: 1333BJ21F00280023,https://www.usaspending.gov/award/CONT_AWD_1333BJ21F00280023_1344_47QTCK18D0036_4732,2026-09-25T12:38:19.046Z
19AQMM21F7644,GUIDEHOUSE LLP,JG1JX6NL39U7,Department of State,Department of State,61235524.03,24449789.6,BPA CALL,541611,ADMINISTRATIVE MANAGEMENT AND GENERAL MANAGEMENT CONSULTING SERVICES,R408,SUPPORT- PROFESSIONAL: PROGRAM MANAGEMENT/SUPPORT,DC,UNITED STATES,2021-09-22,2027-03-29,FACTS INFO PM SUPPORT CALL ORDER,https://www.usaspending.gov/award/CONT_AWD_19AQMM21F7644_1900_19AQMM19A0281_1900,2026-09-25T12:38:19.046Z
693KA725C00004,"ROBINSON AVIATION (RVA), INC.",Q7YGUF7AVHZ4,Department of Transportation,Federal Aviation Administration,60840490.08,44412701.98,DEFINITIVE CONTRACT,488111,AIR TRAFFIC CONTROL,M1BA,OPERATION OF AIR TRAFFIC CONTROL TOWERS,DC,UNITED STATES,2024-11-26,2032-01-31,THE FCT CONTRACT ENCOMPASSES THE SCOPE OF ATC SERVICES AND ASSOCIATED SUPPORT SERVICES REQUIRED FOR THE DAY-TO-DAY OPERATION OF FCTS AS DEFINED IN THE STATEMENT OF WORK (SOW).,https://www.usaspending.gov/award/CONT_AWD_693KA725C00004_6920_-NONE-_-NONE-,2026-09-25T12:38:19.046Z
15F06722F0001536,KADIAK LLC,S58NJBBDKRF5,Department of Justice,Federal Bureau of Investigation,60837108.39,42436697.97,DELIVERY ORDER,541519,OTHER COMPUTER RELATED SERVICES,DA01,IT AND TELECOM - BUSINESS APPLICATION/APPLICATION DEVELOPMENT SUPPORT SERVICES (LABOR),DC,UNITED STATES,2023-03-30,2027-08-30,TSC CONSOLIDATED IT SERVICES CONTRACT,https://www.usaspending.gov/award/CONT_AWD_15F06722F0001536_1549_47QTCA22D00A1_4732,2026-09-25T12:38:19.046Z
75FCMC22F0004,OMNI FED LLC,H5CNKFXTJ973,Department of Health and Human Services,Centers for Medicare and Medicaid Services,60567375.92,48490476.32,DELIVERY ORDER,541511,CUSTOM COMPUTER PROGRAMMING SERVICES,DA01,IT AND TELECOM - BUSINESS APPLICATION/APPLICATION DEVELOPMENT SUPPORT SERVICES (LABOR),MD,UNITED STATES,2021-10-20,2027-05-11,"THE PURPOSE OF THIS ACTION IS TO PROCURE IDENTITY MANAGEMENT OPERATIONS AND MAINTENANCE SERVICES FOR CONTINUOUS INTEGRATION AND CONTINUOUS DELIVERY OF THE NEWLY DEVELOPED IDM SOLUTION. THIS IS A NEW PROCUREMENT. THIS RFC IS FOR THE REVISED PROPOSAL,",https://www.usaspending.gov/award/CONT_AWD_75FCMC22F0004_7530_47QTCA19D00FF_4732,2026-09-25T12:38:19.046Z
47QFAA25F0002,SCIENCE APPLICATIONS INTERNATIONAL CORPORATION,MMLKPW9JLX64,General Services Administration,Federal Acquisition Service,60508271.32,,DELIVERY ORDER,541512,COMPUTER SYSTEMS DESIGN SERVICES,DF01,IT AND TELECOM - IT MANAGEMENT SUPPORT SERVICES (LABOR),DC,UNITED STATES,2025-05-01,2026-12-31,PBGC IT INFRASTRUCTURE SUPPORT ITIS. AWARD - BASE PERIOD.,https://www.usaspending.gov/award/CONT_AWD_47QFAA25F0002_4732_47QTCK18D0001_4732,2026-09-25T12:38:19.046Z
80GSFC24F0033,THE AEROSPACE CORPORATION,YA8LJBJCND19,National Aeronautics and Space Administration,National Aeronautics and Space Administration,59611905.39,44532470.06,DELIVERY ORDER,541715,"RESEARCH AND DEVELOPMENT IN THE PHYSICAL, ENGINEERING, AND LIFE SCIENCES (EXCEPT NANOTECHNOLOGY AND BIOTECHNOLOGY)",AR12,"SPACE R&D SERVICES; SPACE FLIGHT, RESEARCH AND SUPPORTING ACTIVITIES; APPLIED RESEARCH",CA,UNITED STATES,2024-10-01,2028-09-30,"NASA-WIDE SPECIALIZED ENGINEERING, EVALUATION AND TEST SERVICES (NSEETS).",https://www.usaspending.gov/award/CONT_AWD_80GSFC24F0033_8000_80GSFC19D0011_8000,2026-09-25T12:38:19.046Z
75N99022F00013,WASHINGTON GAS LIGHT COMPANY,RPUWKYL41MJ7,Department of Health and Human Services,National Institutes of Health,58856759.93,55628788.26,DELIVERY ORDER,221210,NATURAL GAS DISTRIBUTION,S112,UTILITIES- ELECTRIC,MD,UNITED STATES,2021-12-01,2026-11-30,"WASHINGTON GAS UTILITY PAYMENTS  METER# 1, 20, 56 & CONSOLIDATED BILLING CONTRACT# NEW CONTRACT",https://www.usaspending.gov/award/CONT_AWD_75N99022F00013_7529_GS00P16BSD1206_4740,2026-09-25T12:38:19.046Z
15F06722C0000662,CREDENCE MANAGEMENT SOLUTIONS LIMITED LIABILITY COMPANY,FZNCSKF4X6D9,Department of Justice,Federal Bureau of Investigation,58841780.89,28979658.37,DEFINITIVE CONTRACT,541611,ADMINISTRATIVE MANAGEMENT AND GENERAL MANAGEMENT CONSULTING SERVICES,R499,SUPPORT- PROFESSIONAL: OTHER,MD,UNITED STATES,2022-09-28,2027-09-27,ADMIN SERVICES,https://www.usaspending.gov/award/CONT_AWD_15F06722C0000662_1549_-NONE-_-NONE-,2026-09-25T12:38:19.046Z
47QFMA24F0029,BOOZ ALLEN HAMILTON INC,JCBMLGPE6Z71,General Services Administration,Federal Acquisition Service,58586977.78,0,DELIVERY ORDER,541512,COMPUTER SYSTEMS DESIGN SERVICES,DA01,IT AND TELECOM - BUSINESS APPLICATION/APPLICATION DEVELOPMENT SUPPORT SERVICES (LABOR),CA,UNITED STATES,2024-09-25,2026-09-24,DMDC ZERO TRUST ENTERPRISE DATA SERVICES ZTEDS,https://www.usaspending.gov/award/CONT_AWD_47QFMA24F0029_4732_47QTCK18D0004_4732,2026-09-25T12:38:19.046Z
DTFAWA10D00003CALL0002,"GENERAL DYNAMICS INFORMATION TECHNOLOGY, INC.",SMNWM6HN79X5,Department of Transportation,Federal Aviation Administration,58479150.77,32832987.19,DELIVERY ORDER,811213,COMMUNICATION EQUIPMENT REPAIR AND MAINTENANCE,S113,TELEPHONE AND-OR COMMUNICATIONS SER,VA,UNITED STATES,2009-11-25,2026-10-31,EACH DELIVERY AND/OR TASK ORDER WILL OBLIGATE FUNDING FOR SERVICES ORDERED UNDER THIS CONTRACT.  TAS::69 1301::TAS,https://www.usaspending.gov/award/CONT_AWD_DTFAWA10D00003CALL0002_6920_DTFAWA10D00003_6920,2026-09-25T12:38:19.046Z
15F06723F0000103,ACTION FACILITIES MANAGEMENT INC,HB9HZZ9R8AX4,Department of Justice,Federal Bureau of Investigation,58340795.27,41049079.14,DELIVERY ORDER,561210,FACILITIES SUPPORT SERVICES,Z1JZ,MAINTENANCE OF MISCELLANEOUS BUILDINGS,WV,UNITED STATES,2022-12-31,2026-12-30,THE JEH FACILITY AND 43 OFFSITE FACILITIES OF THE NCRS OPERATIONS AND MAINTENANCE TO MAINTAIN FACILITY OPERATIONAL STATUS FOR MISSION SUPPORT.,https://www.usaspending.gov/award/CONT_AWD_15F06723F0000103_1549_GS06Q16BQDS102_4732,2026-09-25T12:38:19.046Z
15F06724F0000140,FORFEITURE SUPPORT ASSOCIATES LLC,KJV1FNRCA649,Department of Justice,Federal Bureau of Investigation,58213263.22,38131627.98,DELIVERY ORDER,541199,ALL OTHER LEGAL SERVICES,R408,SUPPORT- PROFESSIONAL: PROGRAM MANAGEMENT/SUPPORT,VA,UNITED STATES,2023-10-01,2026-12-31,THIS EFFORT IS FOR CONTRACT EMPLOYEES WHO SUPPORT THE OPERATION OF THE FBIS ASSET FORFEITURE PROGRAM FOR FY24.  CONTRACT EMPLOYEES ARE LOCATED AT FBIHQ AND IN THE FIELD.,https://www.usaspending.gov/award/CONT_AWD_15F06724F0000140_1549_15JPSS20D00000271_1501,2026-09-25T12:38:19.046Z
693KA725C00007,"ROBINSON AVIATION (RVA), INC.",Q7YGUF7AVHZ4,Department of Transportation,Federal Aviation Administration,58095140.6,42404786.79,DEFINITIVE CONTRACT,488111,AIR TRAFFIC CONTROL,M1BA,OPERATION OF AIR TRAFFIC CONTROL TOWERS,DC,UNITED STATES,2024-11-26,2032-01-01,THE FCT CONTRACT ENCOMPASSES THE SCOPE OF ATC SERVICES AND ASSOCIATED SUPPORT SERVICES REQUIRED FOR THE DAY-TO-DAY OPERATION OF FCTS AS DEFINED IN THE STATEMENT OF WORK (SOW).,https://www.usaspending.gov/award/CONT_AWD_693KA725C00007_6920_-NONE-_-NONE-,2026-09-25T12:38:19.046Z
70T03020F3ICIO007,SEVATEC LLC,KLYLRLJG9921,Department of Homeland Security,Transportation Security Administration,57063786.16,28753023.45,DELIVERY ORDER,541512,COMPUTER SYSTEMS DESIGN SERVICES,D302,IT AND TELECOM- SYSTEMS DEVELOPMENT,VA,UNITED STATES,2020-05-08,2024-05-07,THIS IS A TASK ORDER FOR THE LAW  ENFORCEMENT/FEDERAL AIR MARSHALL SERVICE  PORTFOLIO IN SUPPORT OF THE TSA APPLICATIONS  DEVELOPMENT DIVISION UNDER THE GSA ALLIANT 2 IDIQ,https://www.usaspending.gov/award/CONT_AWD_70T03020F3ICIO007_7013_47QTCK18D0034_4732,2026-09-25T12:38:19.046Z
89233123FNA400553,MELE ASSOCIATES INC,MJBFX1KJ7KY1,Department of Energy,Department of Energy,56967819.44,40295180.5,DELIVERY ORDER,541330,ENGINEERING SERVICES,R425,SUPPORT- PROFESSIONAL: ENGINEERING/TECHNICAL,DC,UNITED STATES,2023-09-22,2027-09-24,"TECHNICAL SUPPORT SERVICES FOR NEST  U.S. DEPARTMENT OF ENERGY (DOE)/NATIONAL NUCLEAR SECURITY ADMINISTRATION (NNSA), OFFICE OF COUNTERTERRORISM AND COUNTER-PROLIFERATION (NA-80)",https://www.usaspending.gov/award/CONT_AWD_89233123FNA400553_8900_GS00F243CA_4732,2026-09-25T12:38:19.046Z
36C10B20N0015EHRM,"ORACLE HEALTH GOVERNMENT SERVICES, INC.",DT2KS3HH5FP5,Department of Veterans Affairs,Department of Veterans Affairs,56749097.41,,DELIVERY ORDER,541512,COMPUTER SYSTEMS DESIGN SERVICES,D399,IT AND TELECOM- OTHER IT AND TELECOMMUNICATIONS,KS,UNITED STATES,2019-12-06,2025-09-02,"UNDER THIS TASK ORDER, THE CONTRACTOR SHALL PROVIDE DESIGN AND DEVELOPMENT SERVICES FOR INTEROPERABILITY SOLUTIONS.",https://www.usaspending.gov/award/CONT_AWD_36C10B20N0015EHRM_3600_36C10B18D5000_3600,2026-09-25T12:38:19.046Z
75N93024F00001,"TECHNICAL RESOURCES INTERNATIONAL, INC.",FAA2LVENETH4,Department of Health and Human Services,National Institutes of Health,56583915,38201343,DELIVERY ORDER,541714,RESEARCH AND DEVELOPMENT IN BIOTECHNOLOGY (EXCEPT NANOBIOTECHNOLOGY),AN12,HEALTH R&D SERVICES; HEALTH CARE SERVICES; APPLIED RESEARCH,MD,UNITED STATES,2024-04-15,2027-04-14,NIAID/DAIDS REGULATORY SUPPORT CENTER,https://www.usaspending.gov/award/CONT_AWD_75N93024F00001_7529_75N93021D00038_7529,2026-09-25T12:38:19.046Z
140D0421F0660,DYNANET CORPORATION,CYVCP8WGR4E9,Department of the Interior,Departmental Offices,56496259.62,30718986.97,BPA CALL,541511,CUSTOM COMPUTER PROGRAMMING SERVICES,DA01,IT AND TELECOM - BUSINESS APPLICATION/APPLICATION DEVELOPMENT SUPPORT SERVICES (LABOR),DC,UNITED STATES,2021-09-01,2027-08-31,BPA ORDER 1 FOR PLATFORM AND DEVELOPMENT SERVICES,https://www.usaspending.gov/award/CONT_AWD_140D0421F0660_1406_140D0421A0021_1406,2026-09-25T12:38:19.046Z
70T05026F5900N032,"WORKWEAR OUTFITTERS, LLC",SQLVDBFQ4SD8,Department of Homeland Security,Transportation Security Administration,55999961.5,,DELIVERY ORDER,424320,MEN'S AND BOYS' CLOTHING AND FURNISHINGS MERCHANT WHOLESALERS,8415,"CLOTHING, SPECIAL PURPOSE",TN,UNITED STATES,2026-09-28,2027-09-27,"TRANSPORTATION SECURITY OFFICER (TSO) UNIFORMS, HONOR GUARD UNIFORMS FOR TSOS, AND FEDERAL SECURITY DIRECTOR (FSD) JACKETS",https://www.usaspending.gov/award/CONT_AWD_70T05026F5900N032_7013_70B01C20D00000004_7014,2026-09-25T12:38:19.046Z
80NM0018F0631,CALIFORNIA INSTITUTE OF TECHNOLOGY,YC1YP79BFD19,National Aeronautics and Space Administration,National Aeronautics and Space Administration,55094440.73,46815297.15,DELIVERY ORDER,541715,"RESEARCH AND DEVELOPMENT IN THE PHYSICAL, ENGINEERING, AND LIFE SCIENCES (EXCEPT NANOTECHNOLOGY AND BIOTECHNOLOGY)",AR22,R&D- SPACE: SCIENCE/APPLICATIONS (APPLIED RESEARCH/EXPLORATORY DEVELOPMENT),CA,UNITED STATES,2018-10-01,2026-12-30,CLOUDSAT PHASE E MISSION OPERATIONS 88-11198,https://www.usaspending.gov/award/CONT_AWD_80NM0018F0631_8000_80NM0018D0004_8000,2026-09-25T12:38:19.046Z
28321325FDS030155,CGI FEDERAL INC.,TRKEP1HEBNS5,Social Security Administration,Social Security Administration,55007995.46,27016714.15,DELIVERY ORDER,541519,OTHER COMPUTER RELATED SERVICES,DF01,IT AND TELECOM - IT MANAGEMENT SUPPORT SERVICES (LABOR),VA,UNITED STATES,2025-09-29,2027-09-28,"ESTABLISH A TASK ORDER UNDER INDEFINITE-DELIVERY, INDEFINITE-QUANTITY (IDIQ) CONTRACT SS00-17-60018 FOR SOCIAL SECURITY'S ELECTRONIC REMITTANCE SYSTEM (SERS) AND ONLINE ACCOUNTING AND REPORTING SYSTEM (SSOARS) SUPPORT SERVICES.",https://www.usaspending.gov/award/CONT_AWD_28321325FDS030155_2800_SS001760018_2800,2026-09-25T12:38:19.046Z
19AQMM24F7251,CGI FEDERAL INC.,TRKEP1HEBNS5,Department of State,Department of State,54443724.49,0,BPA CALL,541519,OTHER COMPUTER RELATED SERVICES,DA01,IT AND TELECOM - BUSINESS APPLICATION/APPLICATION DEVELOPMENT SUPPORT SERVICES (LABOR),VA,UNITED STATES,2024-08-01,2027-01-31,CGFS JOINT FINANCIAL MANAGEMENT SYSTEMS (JFMS) FUNCTION/TECHNICAL SUPPORT FOLLOW ON ORDER,https://www.usaspending.gov/award/CONT_AWD_19AQMM24F7251_1900_19AQMM24A0165_1900,2026-09-25T12:38:19.046Z
140D0422F0056,CHENEGA PROFESSIONAL & TECHNICAL SERVICES LLC,ECMESLV5KNB1,Department of the Interior,Departmental Offices,54365851.47,45816756.73,DELIVERY ORDER,541511,CUSTOM COMPUTER PROGRAMMING SERVICES,DC01,IT AND TELECOM - DATA CENTER SUPPORT SERVICES (LABOR),CO,UNITED STATES,2021-12-09,2027-01-25,SYSTEMS OPERATIONS AND ADMINISTRATION (SOA),https://www.usaspending.gov/award/CONT_AWD_140D0422F0056_1406_47QTCA20D002Y_4732,2026-09-25T12:38:19.046Z
47PB5326C0009,"LYDIG CONSTRUCTION, INC.",T9G9DELGRKX5,General Services Administration,Public Buildings Service,54253859.37,,DEFINITIVE CONTRACT,236220,COMMERCIAL AND INSTITUTIONAL BUILDING CONSTRUCTION,Y1AZ,CONSTRUCTION OF OTHER ADMINISTRATIVE FACILITIES AND SERVICE BUILDINGS,ID,UNITED STATES,2026-09-22,2030-05-29,DESIGN BUILD CONSTRUCTION CONTRACT TO MODERNIZE THE PORTHILL LAND PORT OF ENTRY,https://www.usaspending.gov/award/CONT_AWD_47PB5326C0009_4740_-NONE-_-NONE-,2026-09-25T12:38:19.046Z
2032H521F00301,BOOZ ALLEN HAMILTON INC,JCBMLGPE6Z71,Department of the Treasury,Internal Revenue Service,54115215.15,54009689.33,DELIVERY ORDER,541512,COMPUTER SYSTEMS DESIGN SERVICES,DA01,IT AND TELECOM - BUSINESS APPLICATION/APPLICATION DEVELOPMENT SUPPORT SERVICES (LABOR),VA,UNITED STATES,2021-03-27,2022-09-26,"EA CORE BRIDGE 3. CONTRACTORS PROPOSAL,4/9/2021 IBR COVID-19",https://www.usaspending.gov/award/CONT_AWD_2032H521F00301_2050_47QTCK18D0004_4732,2026-09-25T12:38:19.046Z
1605JE21C0006,ADAMS AND ASSOCIATES INC,HV9FBNEWXMY9,Department of Labor,Office of the Assistant Secretary for Administration and Management,53849443.56,49011109.82,DEFINITIVE CONTRACT,611519,OTHER TECHNICAL AND TRADE SCHOOLS,U006,EDUCATION/TRAINING- VOCATIONAL/TECHNICAL,MS,UNITED STATES,2021-05-01,2026-10-31,MISSISSIPPI JCC - CENTER OPERATIONS AND OA & CTS,https://www.usaspending.gov/award/CONT_AWD_1605JE21C0006_1605_-NONE-_-NONE-,2026-09-25T12:38:19.046Z
693JF720C000020,"KALLIDUS TECHNOLOGIES, INC.",T8KBRLKBBEB5,Department of Transportation,Maritime Administration,53234767.19,38077388.16,DEFINITIVE CONTRACT,236220,COMMERCIAL AND INSTITUTIONAL BUILDING CONSTRUCTION,Y1CZ,CONSTRUCTION OF OTHER EDUCATIONAL BUILDINGS,NY,UNITED STATES,2020-07-01,2027-03-25,SAMUELS HALL RENOVATION PROJECT CONTRACT AWARD,https://www.usaspending.gov/award/CONT_AWD_693JF720C000020_6938_-NONE-_-NONE-,2026-09-25T12:38:19.046Z
70B04C22F00000132,"AT&T ENTERPRISES, LLC",MX89BGD5FK75,Department of Homeland Security,U.S. Customs and Border Protection,53005028.04,28904064.24,DELIVERY ORDER,517110,WIRED TELECOMMUNICATIONS CARRIERS,7H20,"IT AND TELECOM - PLATFORM PRODUCTS: DATABASE, MAINFRAME, MIDDLEWARE (HW, PERPETUAL LICENSE SOFTWARE)",VA,UNITED STATES,2022-04-18,2027-04-27,VIRTUAL PRIVATE NETWORK SERVICE (VPNS) AND OTHER NETWORK-RELATED SERVICES,https://www.usaspending.gov/award/CONT_AWD_70B04C22F00000132_7014_GS00Q17NSD3000_4732,2026-09-25T12:38:19.046Z
47HAA022F0006,BOOZ ALLEN HAMILTON INC,JCBMLGPE6Z71,General Services Administration,Office of Administrative Services,52784587.88,25422351.94,DELIVERY ORDER,541511,CUSTOM COMPUTER PROGRAMMING SERVICES,DA01,IT AND TELECOM - BUSINESS APPLICATION/APPLICATION DEVELOPMENT SUPPORT SERVICES (LABOR),VA,UNITED STATES,2021-11-09,2026-07-08,CAPITAL PLANNING AND INVESTMENT CONTROL (CPIC) PROJECT MANAGEMENT OFFICE (PMO) SUPPORT SERVICES,https://www.usaspending.gov/award/CONT_AWD_47HAA022F0006_4773_GS35F386DA_4732,2026-09-25T12:38:19.046Z
2032H524F00003,SCIENCE APPLICATIONS INTERNATIONAL CORPORATION,MMLKPW9JLX64,Department of the Treasury,Internal Revenue Service,52700820.93,52700820.93,DELIVERY ORDER,541512,COMPUTER SYSTEMS DESIGN SERVICES,7B21,IT AND TELECOM - COMPUTE: MAINFRAME (HARDWARE AND PERPETUAL LICENSE SOFTWARE),WV,UNITED STATES,2023-10-01,2027-09-30,ESUS TASK ORDER #6 - MIPS,https://www.usaspending.gov/award/CONT_AWD_2032H524F00003_2050_2032H523D00001_2050,2026-09-25T12:38:19.046Z
70T03020F3JCIO005,INTERNATIONAL BUSINESS MACHINES CORPORATION,VV9KH3L99VE3,Department of Homeland Security,Transportation Security Administration,52109963.66,28299200.46,DELIVERY ORDER,541512,COMPUTER SYSTEMS DESIGN SERVICES,D311,IT AND TELECOM- DATA CONVERSION,MD,UNITED STATES,2020-05-08,2024-05-07,FLEXIBLE AGILE SCALABLE TEAM-SECURITY OPERATIONS PORTFOLIO,https://www.usaspending.gov/award/CONT_AWD_70T03020F3JCIO005_7013_47QTCK18D0014_4732,2026-09-25T12:38:19.046Z
1333ND26FNB190152,"HITT CONTRACTING, INC.",RRKASFUKYMJ4,Department of Commerce,National Institute of Standards and Technology,51830842,,DELIVERY ORDER,236220,COMMERCIAL AND INSTITUTIONAL BUILDING CONSTRUCTION,Y1EZ,CONSTRUCTION OF OTHER INDUSTRIAL BUILDINGS,MD,UNITED STATES,2026-10-01,2028-07-22,"CUP IDIQ TASK ORDER ONE (1), OU19-FY26-015-NEW",https://www.usaspending.gov/award/CONT_AWD_1333ND26FNB190152_1341_1333ND26DNB190009_1341,2026-09-25T12:38:19.046Z
36S79724F0001,UNITED PARCEL SERVICE CO.,YF8QFWJLNBV8,Department of Veterans Affairs,Department of Veterans Affairs,51212716.67,44124618.21,DELIVERY ORDER,492110,COURIERS AND EXPRESS DELIVERY SERVICES,R604,SUPPORT- ADMINISTRATIVE: MAILING/DISTRIBUTION,IL,UNITED STATES,2023-10-01,2028-10-01,SHIPPING CHARGES,https://www.usaspending.gov/award/CONT_AWD_36S79724F0001_3600_HTC71117DC003_9700,2026-09-25T12:38:19.046Z
47QFHA23F0010,CONCURRENT TECHNOLOGIES CORP,KNW6WWRKELJ3,General Services Administration,Federal Acquisition Service,51207503.07,0,DELIVERY ORDER,541330,ENGINEERING SERVICES,R410,SUPPORT- PROFESSIONAL: PROGRAM EVALUATION/REVIEW/DEVELOPMENT,DC,UNITED STATES,2023-06-29,2027-06-28,"PURPOSE OF THE ORDER IS TO PROVIDE SAFETY AND OCCUPATIONAL HEALTH, MANAGEMENT, ANALYTIC AND TECHNICAL SUPPORT SERVICES FOR THE OFFICE OF THE UNDERSECRETARY OF DEFENSE FOR READINESS, OFFICE OF FORCE SAFETY AND OCCUPATIONAL HEALTH TO REDUCE RISKS.",https://www.usaspending.gov/award/CONT_AWD_47QFHA23F0010_4732_GS00Q14OADU112_4732,2026-09-25T12:38:19.046Z
47QFPA24F0015,CREDENCE MANAGEMENT SOLUTIONS LIMITED LIABILITY COMPANY,FZNCSKF4X6D9,General Services Administration,Federal Acquisition Service,50474639.87,0,DELIVERY ORDER,541715,"RESEARCH AND DEVELOPMENT IN THE PHYSICAL, ENGINEERING, AND LIFE SCIENCES (EXCEPT NANOTECHNOLOGY AND BIOTECHNOLOGY)",R499,SUPPORT- PROFESSIONAL: OTHER,CA,UNITED STATES,2024-05-20,2027-05-19,COMMAND STAFF SUPPORT (CSS),https://www.usaspending.gov/award/CONT_AWD_47QFPA24F0015_4732_47QRAD19D6001_4732,2026-09-25T12:38:19.046Z
50310221F0117,"3A, LLC",VK2CY8L65853,Securities and Exchange Commission,Securities and Exchange Commission,50432640.4,37196806.38,DELIVERY ORDER,541512,COMPUTER SYSTEMS DESIGN SERVICES,R499,SUPPORT- PROFESSIONAL: OTHER,DC,UNITED STATES,2021-09-02,2028-08-31,ELECTRONIC DISCOVERY SUPPORT OF LITIGATION (EDSL),https://www.usaspending.gov/award/CONT_AWD_50310221F0117_5000_50310219D0001_5000,2026-09-25T12:38:19.046Z
70RSAT23CB0000003,SCIENCE APPLICATIONS INTERNATIONAL CORPORATION,MMLKPW9JLX64,Department of Homeland Security,Office of Procurement Operations,50002730.55,30169896.43,DEFINITIVE CONTRACT,541715,"RESEARCH AND DEVELOPMENT IN THE PHYSICAL, ENGINEERING, AND LIFE SCIENCES (EXCEPT NANOTECHNOLOGY AND BIOTECHNOLOGY)",AJ12,GENERAL SCIENCE AND TECHNOLOGY R&D SERVICES; GENERAL SCIENCE AND TECHNOLOGY; APPLIED RESEARCH,VA,UNITED STATES,2023-08-25,2028-08-24,"DEVELOPMENT AND ENGINEERING OF BIOMETRIC AND IDENTITY ACCURACY, SCALABILITY AND EQUITABILITY (DEBIASE) PROJECT",https://www.usaspending.gov/award/CONT_AWD_70RSAT23CB0000003_7001_-NONE-_-NONE-,2026-09-25T12:38:19.046Z
70CDCR26FR0000007,AKIMA INFRASTRUCTURE PROTECTION LLC,WGN2KJJD27Q3,Department of Homeland Security,U.S. Immigration and Customs Enforcement,49410011,25385949.72,DELIVERY ORDER,561612,SECURITY GUARDS AND PATROL SERVICES,S206,HOUSEKEEPING- GUARD,TX,UNITED STATES,2025-12-01,2026-09-30,THIS CONTRACT PROVIDES DETENTION AND TRANSPORTATION SUPPORT SERVICES AT THE PORT ISABEL DETENTION CENTER.,https://www.usaspending.gov/award/CONT_AWD_70CDCR26FR0000007_7012_70CDCR22D00000002_7012,2026-09-25T12:38:19.046Z
75FCMC23F0049,FLEXION INC,GQJEZ44GH5S5,Department of Health and Human Services,Centers for Medicare and Medicaid Services,49234372.08,36550488.49,DELIVERY ORDER,541511,CUSTOM COMPUTER PROGRAMMING SERVICES,DA01,IT AND TELECOM - BUSINESS APPLICATION/APPLICATION DEVELOPMENT SUPPORT SERVICES (LABOR),MD,UNITED STATES,2023-05-01,2027-04-30,MODERN CLAIM ADJUDICATION DEVELOPMENT SERVICES (MCADS),https://www.usaspending.gov/award/CONT_AWD_75FCMC23F0049_7530_GS35F523BA_4732,2026-09-25T12:38:19.046Z
70RTAC24FC0000022,"DIGNARI, LLC",LT1AZYC3CXK5,Department of Homeland Security,Office of Procurement Operations,48630109.88,29233460.94,BPA CALL,541513,COMPUTER FACILITIES MANAGEMENT SERVICES,DF01,IT AND TELECOM - IT MANAGEMENT SUPPORT SERVICES (LABOR),DC,UNITED STATES,2024-07-01,2027-06-30,"IDENTITY SERVICES BRANCH (ISB) IDENTITY, CREDENTIAL, AND ACCESS MANAGEMENT (ICAM) PROFESSIONAL SERVICES",https://www.usaspending.gov/award/CONT_AWD_70RTAC24FC0000022_7001_70RDAD21A00000010_7001,2026-09-25T12:38:19.046Z
80NM0018F0617,CALIFORNIA INSTITUTE OF TECHNOLOGY,YC1YP79BFD19,National Aeronautics and Space Administration,National Aeronautics and Space Administration,48043103.93,38828058.96,DELIVERY ORDER,541715,"RESEARCH AND DEVELOPMENT IN THE PHYSICAL, ENGINEERING, AND LIFE SCIENCES (EXCEPT NANOTECHNOLOGY AND BIOTECHNOLOGY)",AR22,R&D- SPACE: SCIENCE/APPLICATIONS (APPLIED RESEARCH/EXPLORATORY DEVELOPMENT),CA,UNITED STATES,2018-10-01,2027-09-26,"RESEARCH AND ANALYSIS (R&A), EARTH SYSTEM MODELING AND ANALYSIS",https://www.usaspending.gov/award/CONT_AWD_80NM0018F0617_8000_80NM0018D0004_8000,2026-09-25T12:38:19.046Z
89243325FFE400652,"MAXIMUS FEDERAL SERVICES, INC.",TREKW6J3QSF5,Department of Energy,Department of Energy,47465689.4,29670164.68,DELIVERY ORDER,541512,COMPUTER SYSTEMS DESIGN SERVICES,DF01,IT AND TELECOM - IT MANAGEMENT SUPPORT SERVICES (LABOR),WV,UNITED STATES,2025-05-01,2028-04-30,"INFORMATION TECHNOLOGY SUPPORT SERVICES 2 (ITSS2): THE PURPOSE OF THE ITSS2 CONTRACT IS TO PROVIDE SUPPORT FOR IT OPERATION AND MAINTENANCE FUNCTIONS, INCLUSIVE OF ENTERPRISE IT, CYBERSECURITY, AND RESEARCH IT, AS WELL AS ALLOW FOR ACQUISITION OF SPE",https://www.usaspending.gov/award/CONT_AWD_89243325FFE400652_8900_HHSN316201600006W_7529,2026-09-25T12:38:19.046Z
693JJ922F00008N,SPATIAL FRONT INC,J1ADW6BL8MN5,Department of Transportation,National Highway Traffic Safety Administration,47441857.66,35083726.05,BPA CALL,541511,CUSTOM COMPUTER PROGRAMMING SERVICES,DA01,IT AND TELECOM - BUSINESS APPLICATION/APPLICATION DEVELOPMENT SUPPORT SERVICES (LABOR),VA,UNITED STATES,2022-09-15,2028-09-15,"ARTEMIS-INVESTIGATIONS, RECALLS, O&M, AND CLOSEOUT (IROC)",https://www.usaspending.gov/award/CONT_AWD_693JJ922F00008N_6940_693JJ319A000015_6925,2026-09-25T12:38:19.046Z
15JPSS22F00000558,FORFEITURE SUPPORT ASSOCIATES LLC,KJV1FNRCA649,Department of Justice,"Offices, Boards and Divisions",47045897.14,41877342.11,DELIVERY ORDER,541199,ALL OTHER LEGAL SERVICES,R418,SUPPORT- PROFESSIONAL: LEGAL,VA,UNITED STATES,2022-10-01,2026-12-31,FY23 DO 490,https://www.usaspending.gov/award/CONT_AWD_15JPSS22F00000558_1501_15JPSS20D00000271_1501,2026-09-25T12:38:19.046Z
70RTAC25FR0000045,"THUNDERCAT TECHNOLOGY, LLC",UER4AJLUB8D5,Department of Homeland Security,Office of Procurement Operations,46979104.31,25477310.97,DELIVERY ORDER,541519,OTHER COMPUTER RELATED SERVICES,DA01,IT AND TELECOM - BUSINESS APPLICATION/APPLICATION DEVELOPMENT SUPPORT SERVICES (LABOR),VA,UNITED STATES,2025-09-08,2026-09-28,TASK ORDER FOR THE DEPARTMENT OF HOMELAND SECURITY ENTERPRISE CLOUD - AMAZON WEB SERVICES.,https://www.usaspending.gov/award/CONT_AWD_70RTAC25FR0000045_7001_NNG15SD26B_8000,2026-09-25T12:38:19.046Z
75FCMC21F0003,"C2C INNOVATIVE SOLUTIONS, INC.",SJJERKL3FLN7,Department of Health and Human Services,Centers for Medicare and Medicaid Services,46306496.77,46306496.77,DELIVERY ORDER,541611,ADMINISTRATIVE MANAGEMENT AND GENERAL MANAGEMENT CONSULTING SERVICES,R499,SUPPORT- PROFESSIONAL: OTHER,FL,UNITED STATES,2021-09-30,2025-12-31,PART A EAST QUALIFIED INDEPENDENT CONTRACTOR (QIC),https://www.usaspending.gov/award/CONT_AWD_75FCMC21F0003_7530_HHSM500200400005I_7530,2026-09-25T12:38:19.046Z
NNJ15JM10T,"ENERGY SYSTEMS GROUP, LLC",JBZELFBMX1J4,National Aeronautics and Space Administration,National Aeronautics and Space Administration,45567873.11,34013994.87,DELIVERY ORDER,541330,ENGINEERING SERVICES,Z1NB,MAINTENANCE OF HEATING AND COOLING PLANTS,IN,UNITED STATES,2015-08-05,2039-06-09,IGF::OT::IGF ENERGY SAVINGS PERFORMANCE CONTRACT (ESPC) TASK ORDER NASA JSC COMBINED HEAT AND POWER (CHP) PROJECT,https://www.usaspending.gov/award/CONT_AWD_NNJ15JM10T_8000_DEAM3609GO29030_8900,2026-09-25T12:38:19.046Z
75D30123F16661,DELOITTE CONSULTING LLP,CKV2L9GZKJK3,Department of Health and Human Services,Centers for Disease Control and Prevention,45500525.94,38708089.04,DELIVERY ORDER,541512,COMPUTER SYSTEMS DESIGN SERVICES,DA01,IT AND TELECOM - BUSINESS APPLICATION/APPLICATION DEVELOPMENT SUPPORT SERVICES (LABOR),VA,UNITED STATES,2023-06-09,2027-06-10,VAMS OPERATION AND MAINTENANCE,https://www.usaspending.gov/award/CONT_AWD_75D30123F16661_7523_47QTCK18D0029_4732,2026-09-25T12:38:19.046Z
SAQMMA17F4798,"ENVIRO-MANAGEMENT & RESEARCH, INC.",C3HWSKK4FKX8,Department of State,Department of State,45376285.28,5281903.56,DELIVERY ORDER,236220,COMMERCIAL AND INSTITUTIONAL BUILDING CONSTRUCTION,Y1AA,CONSTRUCTION OF OFFICE BUILDINGS,,CUBA,2017-09-29,2027-12-07,"AWARD CONTRACT FOR FACADE REPAIR SERVICES TO COMPLETE DESIGN, CONSTRUCTION SERVICES, CONTRACT COORDINATION AND SUPERVISION/MANAGEMENT, PROFESSIONAL DESIGN SERVICES TO REPLACE THE STONE FA ADE TO REMEDY THE LIFE HEALTH SAFETY CONCERN PRESENTED BY THE DETERIORATING HAVANA CHANCERY.  THE FA ADE REPAIRS INCLUDE INSPECTION OF ALL STONE PANELS, REPAIRING DAMAGED AREAS.  IMPLEMENT LIMITED ACCESS TO THE CONSTRUCTION SITE THROUGH A SECURITY SCREENING FACILITY. CONTRACTOR REQUIRED TO SUPPORT TECHNICAL SECURITY SYSTEM (TSS) INFRASTRUCTURE AND EQUIPMENT RELOCATION FOR CONSTRUCTION, ACTIVATE THE CONSOLIDATION AND RECEIVING POINT (CRP) IN SUPPORT OF LOGISTICS/SHIPMENT REQUIREMENTS BASED IN MIAMI, FLORIDA.  ALL WORK WILL BE IN ACCORDANCE WITH STATEMENT OF WORK (SOW).  19X05352-1030-17ERA33-241000-7902-2503-XJ1Q0006  COR:  FORREST MCLAIN - 703-875-4323   ________________________ OBO/PDCS/SPC  G. PAUL   ________________________ OBO/PDCS/SPC  F. MCLAIN   ________________________ OBO/PDCS/SPC   J. SALCEDO   ________________________ OBO/PDCS/SPC  M. WILSON   ________________________ OBO/RM/FM   J. REBA   ________________________ OBO/PDCS   A. DIZON   ________________________ OBO/RM   J. HOCHULI   ________________________ OBO/DD  A. KANGA   ________________________ OBO/DIRECTOR   W. MOSER",https://www.usaspending.gov/award/CONT_AWD_SAQMMA17F4798_1900_SAQMMA14D0061_1900,2026-09-25T12:38:19.046Z
47QFLA23F0215,MILE TWO LLC,NJRVLNMKG9E8,General Services Administration,Federal Acquisition Service,45279805.9,0,DELIVERY ORDER,541715,"RESEARCH AND DEVELOPMENT IN THE PHYSICAL, ENGINEERING, AND LIFE SCIENCES (EXCEPT NANOTECHNOLOGY AND BIOTECHNOLOGY)",AC12,NATIONAL DEFENSE R&D SERVICES; DEPARTMENT OF DEFENSE - MILITARY; APPLIED RESEARCH,OH,UNITED STATES,2023-09-30,2026-09-29,TO 0002  DIGITAL CAPABILITIES AND AGILE SOFTWARE,https://www.usaspending.gov/award/CONT_AWD_47QFLA23F0215_4732_47QFLA23D0001_4732,2026-09-25T12:38:19.046Z
50310224F0124,"CASEPOINT, LLC",NNBKLLXPY4L6,Securities and Exchange Commission,Securities and Exchange Commission,45047950,25167438.08,DELIVERY ORDER,511210,SOFTWARE PUBLISHERS,7A21,IT AND TELECOM - BUSINESS APPLICATION SOFTWARE (PERPETUAL LICENSE SOFTWARE),DC,UNITED STATES,2024-07-31,2027-07-31,ELECTRONIC DISCOVERY APPLICATION AND STORAGE ENVIRONMENT (EASE),https://www.usaspending.gov/award/CONT_AWD_50310224F0124_5000_47QTCA18D00BZ_4732,2026-09-25T12:38:19.046Z
68HE0423F0051,"C M C, INC.",CZKDXLMHM8A1,Environmental Protection Agency,Environmental Protection Agency,44999600,29473180.03,DELIVERY ORDER,562910,REMEDIATION SERVICES,F108,ENVIRONMENTAL SYSTEMS PROTECTION- ENVIRONMENTAL REMEDIATION,GA,UNITED STATES,2023-07-10,2027-03-31,"WESTSIDE LEAD SUPERFUND SITE, REMEDIAL ACTION SITE ID: GAN000407160 (C482)",https://www.usaspending.gov/award/CONT_AWD_68HE0423F0051_6800_68HE0421D0012_6800,2026-09-25T12:38:19.046Z
693KA924F00050,SCIENCE APPLICATIONS INTERNATIONAL CORPORATION,MMLKPW9JLX64,Department of Transportation,Federal Aviation Administration,44839167.3,42452945.64,DELIVERY ORDER,541330,ENGINEERING SERVICES,R425,SUPPORT- PROFESSIONAL: ENGINEERING/TECHNICAL,DC,UNITED STATES,2024-01-12,2026-06-15,TERMINAL FLIGHT DATA MANAGER (TFDM) PROGRAM SUPPORT,https://www.usaspending.gov/award/CONT_AWD_693KA924F00050_6920_693KA918D00010_6920,2026-09-25T12:38:19.046Z
19AQMM21F7134,GUIDEHOUSE LLP,JG1JX6NL39U7,Department of State,Department of State,44836671.17,14430008.66,BPA CALL,541611,ADMINISTRATIVE MANAGEMENT AND GENERAL MANAGEMENT CONSULTING SERVICES,R408,SUPPORT- PROFESSIONAL: PROGRAM MANAGEMENT/SUPPORT,DC,UNITED STATES,2021-04-01,2027-03-31,A/EX/ITS PROGRAM MANAGEMENT SUPPORT BLANKET PURCHASE AGREEMENT CALL COMPETED AMONGST EXISTING DEPARTMENT OF STATE BLANKET PURCHASE AGREEMENT FOR PROGRAM AND PROJECT MANAGEMENT,https://www.usaspending.gov/award/CONT_AWD_19AQMM21F7134_1900_19AQMM19A0281_1900,2026-09-25T12:38:19.046Z
7200AA24M00001,ZEMITEK LLC,MKFJCFSVQ9B8,Agency for International Development,Agency for International Development,44618340.54,17606609.82,DELIVERY ORDER,541611,ADMINISTRATIVE MANAGEMENT AND GENERAL MANAGEMENT CONSULTING SERVICES,R699,SUPPORT- ADMINISTRATIVE: OTHER,DC,UNITED STATES,2023-11-03,2028-11-02,"THIS PROCUREMENT IS FOR COMMERCIAL NON-PERSONAL (ISC) SERVICES FOR THE OFFICE OF ADMINISTRATOR (A/AID) AND ASSOCIATE OFFICES (ES, DEIA, OCE, GC, POL, BRM/PLR, DRG, AND IPI) U.S. AGENCY FOR INTERNATIONAL DEVELOPMENT (USAID).  THIS ACTIVITY WILL BE A",https://www.usaspending.gov/award/CONT_AWD_7200AA24M00001_7200_GS00F356GA_4732,2026-09-25T12:38:19.046Z
697DCK26F00057,RUSS BASSETT CORP,XNXWHV9NAZL7,Department of Transportation,Federal Aviation Administration,44530191.98,4365042,DELIVERY ORDER,337214,OFFICE FURNITURE (EXCEPT WOOD) MANUFACTURING,7110,OFFICE FURNITURE,NH,UNITED STATES,2025-12-11,2040-10-31,BASE TASK FOR ALL ENROUTE CONSOLE SOLUTION SYSTEM DESIGNER/FABRICATOR SERVICES WITH INITIAL PROJECT FOR TRANSFORMER SLATWALL CONVERSION CONCEPT PER QUOTATION# ATQ-414,https://www.usaspending.gov/award/CONT_AWD_697DCK26F00057_6920_697DCK26D00001_6920,2026-09-25T12:38:19.046Z
47QFMA22F0011,GUIDEHOUSE DIGITAL LLC,WKMCZLH1KJM4,General Services Administration,Federal Acquisition Service,44357323.14,0,DELIVERY ORDER,541512,COMPUTER SYSTEMS DESIGN SERVICES,DA01,IT AND TELECOM - BUSINESS APPLICATION/APPLICATION DEVELOPMENT SUPPORT SERVICES (LABOR),CA,UNITED STATES,2022-09-27,2027-09-26,IDENTITY CREDENTIAL ENTERPRISE SOLUTIONS  SERVICES ICES2,https://www.usaspending.gov/award/CONT_AWD_47QFMA22F0011_4732_47QTCK18D0024_4732,2026-09-25T12:38:19.046Z
12319825F0005,"MCLANE GROUP INTERNATIONAL, L.P.",GJ9NRYMVGW45,Department of Agriculture,Food and Nutrition Service,44192718,,DELIVERY ORDER,493110,GENERAL WAREHOUSING AND STORAGE,V112,TRANSPORTATION/TRAVEL/RELOCATION- TRANSPORTATION: MOTOR FREIGHT,TX,UNITED STATES,2025-09-15,2027-09-14,SUPPORT SERVICES FOR USG FOOD DONATIONS: 2000010504/4400002495/4300014559/3PL SERVICES,https://www.usaspending.gov/award/CONT_AWD_12319825F0005_12F2_12319825D0002_12F2,2026-09-25T12:38:19.046Z
70B04C26F00000358,UNISSANT INC.,U8PWX251MWG6,Department of Homeland Security,U.S. Customs and Border Protection,43955172.2,,DELIVERY ORDER,541519,OTHER COMPUTER RELATED SERVICES,DF01,IT AND TELECOM - IT MANAGEMENT SUPPORT SERVICES (LABOR),VA,UNITED STATES,2026-09-28,2027-09-27,IT SUPPORT SERVICES,https://www.usaspending.gov/award/CONT_AWD_70B04C26F00000358_7014_GS35F0298T_4730,2026-09-25T12:38:19.046Z
19AQMM25F1165,AMERICAN INSTITUTE IN TAIWAN,DDNJR9SNQDU4,Department of State,Department of State,43649203.31,0,DELIVERY ORDER,928120,INTERNATIONAL AFFAIRS,B599,SPECIAL STUDIES/ANALYSIS- OTHER,VA,UNITED STATES,2025-08-08,2027-08-07,FUNDING TASK ORDER FOR AIT.,https://www.usaspending.gov/award/CONT_AWD_19AQMM25F1165_1900_19AQMM25D1068_1900,2026-09-25T12:38:19.046Z
47QFSA24F0018,BOOZ ALLEN HAMILTON INC,JCBMLGPE6Z71,General Services Administration,Federal Acquisition Service,43421627.88,0,DELIVERY ORDER,541990,"ALL OTHER PROFESSIONAL, SCIENTIFIC, AND TECHNICAL SERVICES",R499,SUPPORT- PROFESSIONAL: OTHER,FL,UNITED STATES,2024-03-22,2027-03-21,NCR IADS SUPPORT,https://www.usaspending.gov/award/CONT_AWD_47QFSA24F0018_4732_47QFCA22D0406_4732,2026-09-25T12:38:19.046Z
75FCMC22F0066,"ICF INCORPORATED, L.L.C.",QHBLBNKKV4U3,Department of Health and Human Services,Centers for Medicare and Medicaid Services,43409703.73,35660068.01,DELIVERY ORDER,541511,CUSTOM COMPUTER PROGRAMMING SERVICES,DD01,"IT AND TELECOM - SERVICE DELIVERY SUPPORT SERVICES: ITSM, OPERATIONS CENTER, PROJECT/PM (LABOR)",MD,UNITED STATES,2022-08-01,2027-07-31,SERVICENOW APPLICATION DEVELOPMENT & WORKFLOW (SNOW) DESIGN CONTRACT,https://www.usaspending.gov/award/CONT_AWD_75FCMC22F0066_7530_GS35F328DA_4732,2026-09-25T12:38:19.046Z
693KA725C00008,SERCO INC,DKJ1R5ABCN48,Department of Transportation,Federal Aviation Administration,43159573.09,31240818.72,DEFINITIVE CONTRACT,488111,AIR TRAFFIC CONTROL,M1BA,OPERATION OF AIR TRAFFIC CONTROL TOWERS,DC,UNITED STATES,2024-11-27,2032-01-31,THE FCT CONTRACT ENCOMPASSES THE SCOPE OF ATC SERVICES AND ASSOCIATED SUPPORT SERVICES REQUIRED FOR THE DAY-TO-DAY OPERATION OF FCTS AS DEFINED IN THE STATEMENT OF WORK (SOW).,https://www.usaspending.gov/award/CONT_AWD_693KA725C00008_6920_-NONE-_-NONE-,2026-09-25T12:38:19.046Z
1605JW21C0012,STRATEGIX MANAGEMENT LLC,JP6YLTEYJLT5,Department of Labor,Office of the Assistant Secretary for Administration and Management,42726220.78,42394269.43,DEFINITIVE CONTRACT,611519,OTHER TECHNICAL AND TRADE SCHOOLS,U006,EDUCATION/TRAINING- VOCATIONAL/TECHNICAL,IL,UNITED STATES,2021-04-15,2026-05-31,JOLIET JOB CORPS CENTER WITH OACTS,https://www.usaspending.gov/award/CONT_AWD_1605JW21C0012_1605_-NONE-_-NONE-,2026-09-25T12:38:19.046Z
693KA822F00335,RAYTHEON COMPANY,FBTTZQ8ZLK26,Department of Transportation,Federal Aviation Administration,42399835.63,37180201.22,DELIVERY ORDER,334511,"SEARCH, DETECTION, NAVIGATION, GUIDANCE, AERONAUTICAL, AND NAUTICAL SYSTEM AND INSTRUMENT MANUFACTURING",AS22,TRANSPORTATION R&D SERVICES; AEROSPACE RESEARCH; APPLIED RESEARCH,CA,UNITED STATES,2022-08-09,2028-08-08,THE PURPOSE OF THIS ACTION IS TO ISSUE TASK ORDER 1 UNDER THE DFO2 IDIQ FOR PROGRAM MANAGEMENT TASKS.,https://www.usaspending.gov/award/CONT_AWD_693KA822F00335_6920_693KA822D00035_6920,2026-09-25T12:38:19.046Z
70CDCR25FR0000110,"AKIMA GLOBAL SERVICES, LLC",LUDNH5K4XQU9,Department of Homeland Security,U.S. Immigration and Customs Enforcement,42218256.18,24936385.63,DELIVERY ORDER,561612,SECURITY GUARDS AND PATROL SERVICES,S206,HOUSEKEEPING- GUARD,AZ,UNITED STATES,2025-09-30,2026-09-29,"THIS CONTRACT PROVIDES GUARD, FOOD, AND TRANSPORTATION SERVICES TO FLORENCE SERVICE PROCESSING CENTER. THIS TASK ORDER FUNDS OPTION YEAR 5.",https://www.usaspending.gov/award/CONT_AWD_70CDCR25FR0000110_7012_70CDCR20D00000004_7012,2026-09-25T12:38:19.046Z
70RWMD24FRP000005,"DEPLOYED SERVICES, LLC",T4R2JNL2PKV3,Department of Homeland Security,Office of Procurement Operations,42185339.81,9045723.37,DELIVERY ORDER,541614,"PROCESS, PHYSICAL DISTRIBUTION, AND LOGISTICS CONSULTING SERVICES",R799,SUPPORT- MANAGEMENT: OTHER,DC,UNITED STATES,2024-09-24,2027-09-23,"CHILD WELL-BEING PROGRAM  (CWBP) SERVICES IN SUPPORT OF THE DEPARTMENT OF HOMELAND SECURITY (DHS), OFFICE OF HEALTH SECURITY (OHS), OHS HEALTHCARE SYSTEMS AND OVERSIGHT DIRECTORATE (HCSOD), CHILD WELL-BEING PROGRAM OFFICE WITHIN THE HCSOD BORDER HEAL",https://www.usaspending.gov/award/CONT_AWD_70RWMD24FRP000005_7001_47QRAA23D008K_4732,2026-09-25T12:38:19.046Z
692M1519F00044,"GENERAL DYNAMICS INFORMATION TECHNOLOGY, INC.",SMNWM6HN79X5,Department of Transportation,Federal Aviation Administration,41300378.87,37886824.16,DELIVERY ORDER,518210,"COMPUTING INFRASTRUCTURE PROVIDERS, DATA PROCESSING, WEB HOSTING, AND RELATED SERVICES",D325,IT AND TELECOM- DATA CENTERS AND STORAGE,MD,UNITED STATES,2018-12-13,2026-11-30,FCS TAG #0045 - ENTERPRISE INFORMATION MANAGEMENT (EIM) INITIAL OPERATION CAPABILITIES (IOC) PLATFORM OPERATIONS AND MAINTENANCE,https://www.usaspending.gov/award/CONT_AWD_692M1519F00044_6920_DTFACT15D00003_6920,2026-09-25T12:38:19.046Z
36C10B22N10240023,CLEAR VANTAGE POINT SOLUTIONS LLC,FEYKN1UHDSR3,Department of Veterans Affairs,Department of Veterans Affairs,40956559.86,34837258.36,DELIVERY ORDER,541512,COMPUTER SYSTEMS DESIGN SERVICES,R410,SUPPORT- PROFESSIONAL: PROGRAM EVALUATION/REVIEW/DEVELOPMENT,NJ,UNITED STATES,2022-09-30,2027-09-29,VETERANS BENEFITS ADMINISTRATION (VBA) SOLUTIONS DELIVERY CENTER OF EXCELLENCE (COE),https://www.usaspending.gov/award/CONT_AWD_36C10B22N10240023_3600_VA11816D1024_3600,2026-09-25T12:38:19.046Z
2033H624F00133,FOUR LLC,X1JJYEW4HAN9,Department of the Treasury,Bureau of the Fiscal Service,40556032.14,40477602.44,DELIVERY ORDER,541519,OTHER COMPUTER RELATED SERVICES,7A21,IT AND TELECOM - BUSINESS APPLICATION SOFTWARE (PERPETUAL LICENSE SOFTWARE),VA,UNITED STATES,2024-06-30,2027-06-30,IBM ENTERPRISE SOFTWARE SUBSCRIPTIONS AND SUPPORT,https://www.usaspending.gov/award/CONT_AWD_2033H624F00133_2036_NNG15SC73B_8000,2026-09-25T12:38:19.046Z
140D0422F0114,SCIENCE APPLICATIONS INTERNATIONAL CORPORATION,MMLKPW9JLX64,Department of the Interior,Departmental Offices,40154164.54,31072304.17,DELIVERY ORDER,541512,COMPUTER SYSTEMS DESIGN SERVICES,DA10,IT AND TELECOM - BUSINESS APPLICATION/APPLICATION DEVELOPMENT SOFTWARE AS A SERVICE,VA,UNITED STATES,2022-02-04,2028-02-03,"COMMERCIAL FEDERAL RISK AND AUTHORIZATION MANAGEMENT PROGRAM (FEDRAMP) APPROVED CLOUD HOSTING SERVICES THROUGH A MANAGED SERVICE PROVIDER (MSP) TO HOST FINANCIAL AND BUSINESS MANAGEMENT SYSTEM (FBMS), INITIALLY, MIGRATE OTHER BIO SYSTEMS FROM ON-PREM",https://www.usaspending.gov/award/CONT_AWD_140D0422F0114_1406_47QTCK18D0001_4732,2026-09-25T12:38:19.046Z
89303023FHC000043,ACCENTURE FEDERAL SERVICES LLC,C47BNA8GM833,Department of Energy,Department of Energy,40052632.93,33229106.36,BPA CALL,541512,COMPUTER SYSTEMS DESIGN SERVICES,DA01,IT AND TELECOM - BUSINESS APPLICATION/APPLICATION DEVELOPMENT SUPPORT SERVICES (LABOR),VA,UNITED STATES,2023-09-29,2026-11-30,HUMAN RESOURCE INFORMATION TECHNOLOGY MODERNIZATION,https://www.usaspending.gov/award/CONT_AWD_89303023FHC000043_8900_89303019AIM000005_8900,2026-09-25T12:38:19.046Z
693KA725C00009,"ROBINSON AVIATION (RVA), INC.",Q7YGUF7AVHZ4,Department of Transportation,Federal Aviation Administration,40048341.33,28912262.82,DEFINITIVE CONTRACT,488111,AIR TRAFFIC CONTROL,M1BA,OPERATION OF AIR TRAFFIC CONTROL TOWERS,DC,UNITED STATES,2024-11-26,2032-01-31,THE FCT CONTRACT ENCOMPASSES THE SCOPE OF ATC SERVICES AND ASSOCIATED SUPPORT SERVICES REQUIRED FOR THE DAY-TO-DAY OPERATION OF FCTS AS DEFINED IN THIS STATEMENT OF WORK (SOW).,https://www.usaspending.gov/award/CONT_AWD_693KA725C00009_6920_-NONE-_-NONE-,2026-09-25T12:38:19.046Z
693KA822F00003,"ITSTRATEGY, INCORPORATED",XD9HDPF5DJL3,Department of Transportation,Federal Aviation Administration,39280796.88,29816136.63,BPA CALL,541990,"ALL OTHER PROFESSIONAL, SCIENTIFIC, AND TECHNICAL SERVICES",R499,SUPPORT- PROFESSIONAL: OTHER,DC,UNITED STATES,2022-05-04,2027-04-30,THE PURPOSE OF THIS CONTRACT IS TO PROVIDE BAM AND ES EFAST FUNCTIONAL AREAS FOR TO ADDRESS CHALLENGES RELATED TO CINP AND OTHER APPROVED FAA PROGRAMS.,https://www.usaspending.gov/award/CONT_AWD_693KA822F00003_6920_DTFAWA13A00039_6920,2026-09-25T12:38:19.046Z
47QFPA19F0060,"LEIDOS, INC.",MDSWM6MB1BH7,General Services Administration,Federal Acquisition Service,38564013.66,-73599.3,DELIVERY ORDER,541330,ENGINEERING SERVICES,D399,IT AND TELECOM- OTHER IT AND TELECOMMUNICATIONS,HI,UNITED STATES,2019-08-06,2022-03-31,C5ISRO ENGINEERING AND TECHNICAL SUPPORT SERVICES,https://www.usaspending.gov/award/CONT_AWD_47QFPA19F0060_4732_GS00Q14OADU122_4732,2026-09-25T12:38:19.046Z
1333LC21P00000114,"INDUSTRIES FOR THE BLIND AND VISUALLY IMPAIRED, INC.",LHSBQKG97P89,Department of Commerce,U.S. Census Bureau,38077511.48,38043749.32,PURCHASE ORDER,423210,FURNITURE MERCHANT WHOLESALERS,Z1JZ,MAINTENANCE OF MISCELLANEOUS BUILDINGS,WI,UNITED STATES,2021-09-17,2025-09-30,FF&E CENSUS HQ REIMANGED,https://www.usaspending.gov/award/CONT_AWD_1333LC21P00000114_1323_-NONE-_-NONE-,2026-09-25T12:38:19.046Z
693KA725C00003,"CI2 AVIATION, INC.",FB1CFA3CNRS3,Department of Transportation,Federal Aviation Administration,38002765.26,30010730.42,DEFINITIVE CONTRACT,488111,AIR TRAFFIC CONTROL,M1BA,OPERATION OF AIR TRAFFIC CONTROL TOWERS,DC,UNITED STATES,2024-11-26,2032-01-31,THE FCT CONTRACT ENCOMPASSES THE SCOPE OF ATC SERVICES AND ASSOCIATED SUPPORT SERVICES REQUIRED FOR THE DAY-TO-DAY OPERATION OF FCTS AS DEFINED IN THE STATEMENT OF WORK (SOW).,https://www.usaspending.gov/award/CONT_AWD_693KA725C00003_6920_-NONE-_-NONE-,2026-09-25T12:38:19.046Z
36C26123C0072,ANSIBLE GOVERNMENT SOLUTIONS LLC,HJJHWA9KNKG7,Department of Veterans Affairs,Department of Veterans Affairs,37997049.18,,DEFINITIVE CONTRACT,621512,DIAGNOSTIC IMAGING CENTERS,Q522,MEDICAL- RADIOLOGY,CA,UNITED STATES,2023-09-15,2026-09-14,41.0 FTE COMBINED DIAGNOSTIC RADIOLOGY TECHNOLOGISTS,https://www.usaspending.gov/award/CONT_AWD_36C26123C0072_3600_-NONE-_-NONE-,2026-09-25T12:38:19.046Z
80NM0018F0621,CALIFORNIA INSTITUTE OF TECHNOLOGY,YC1YP79BFD19,National Aeronautics and Space Administration,National Aeronautics and Space Administration,37909071.27,33732097.42,DELIVERY ORDER,541715,"RESEARCH AND DEVELOPMENT IN THE PHYSICAL, ENGINEERING, AND LIFE SCIENCES (EXCEPT NANOTECHNOLOGY AND BIOTECHNOLOGY)",AR22,R&D- SPACE: SCIENCE/APPLICATIONS (APPLIED RESEARCH/EXPLORATORY DEVELOPMENT),CA,UNITED STATES,2018-10-01,2026-12-30,JPL EARTH EXPLORER MISSIONS OFFICE 89-9108,https://www.usaspending.gov/award/CONT_AWD_80NM0018F0621_8000_80NM0018D0004_8000,2026-09-25T12:38:19.046Z
70B02C26F00000555,"GOTENNA, INC.",CWLDWJHLQ3T5,Department of Homeland Security,U.S. Customs and Border Protection,37562935.12,,DELIVERY ORDER,334220,RADIO AND TELEVISION BROADCASTING AND WIRELESS COMMUNICATIONS EQUIPMENT MANUFACTURING,7F20,IT AND TELECOM - IT MANAGEMENT TOOLS/PRODUCTS (HARDWARE AND PERPETUAL LICENSE SOFTWARE),NY,UNITED STATES,2026-09-20,2027-09-19,DELIVERY ORDER AGAINST GOTENNA SINGLE AWARD IDIQ FOR EQUIPMENT.,https://www.usaspending.gov/award/CONT_AWD_70B02C26F00000555_7014_70B06C23D00000014_7014,2026-09-25T12:38:19.046Z
1202SA24K9112,"10 TANKER AIR CARRIER, LLC",EJM2SPWE2JP3,Department of Agriculture,Forest Service,37401739.44,26981007.32,DELIVERY ORDER,481212,NONSCHEDULED CHARTERED FREIGHT AIR TRANSPORTATION,F003,NATURAL RESOURCES/CONSERVATION- FOREST-RANGE FIRE SUPPRESSION/PRESUPPRESSION,ID,UNITED STATES,2024-05-17,2026-12-31,10 TANKER - AIRTANKER MATCO EXCLUSIVE USE TASK ORDER 2024-2028 - 120 DAY MAP,https://www.usaspending.gov/award/CONT_AWD_1202SA24K9112_12C2_1202SA23T9100_12C2,2026-09-25T12:38:19.046Z
19AQMM26F0060,"AT&T TECHNICAL SERVICES COMPANY, INC",ZZRPFWN91KD1,Department of State,Department of State,37268161.27,0,DELIVERY ORDER,541512,COMPUTER SYSTEMS DESIGN SERVICES,DG01,IT AND TELECOM - NETWORK SUPPORT SERVICES (LABOR),VA,UNITED STATES,2026-01-19,2027-01-18,"PROCUREMENT AND INSTALLATION NEW TELEPHONE SYSTEMS, WI-FI, DISTRIBUTED ANTENNA, AND CABLING INFRASTRUCTURE INCLUDING HARDWARE, SOFTWARE, AND ASSOCIATED SERVICES AT EXISTING FOREIGN POSTS AND NEW POSTS. FUNDING FOR OVERSEAS PROJECT COMPLETION.",https://www.usaspending.gov/award/CONT_AWD_19AQMM26F0060_1900_19AQMM26D0111_1900,2026-09-25T12:38:19.046Z
50310221F0116,"ITS AGILE, LLC",N3T8X4HCMNB7,Securities and Exchange Commission,Securities and Exchange Commission,37248203.48,34983233.34,DELIVERY ORDER,541512,COMPUTER SYSTEMS DESIGN SERVICES,R499,SUPPORT- PROFESSIONAL: OTHER,DC,UNITED STATES,2021-09-01,2027-08-31,ELECTRONIC DISCOVERY SUPPORT OF LITIGATION (EDSL),https://www.usaspending.gov/award/CONT_AWD_50310221F0116_5000_50310220D0014_5000,2026-09-25T12:38:19.046Z
1332KP22FNEED0042,"GLOBAL SCIENCE & TECHNOLOGY, LLC",HNPFQL4LEDZ7,Department of Commerce,National Oceanic and Atmospheric Administration,37220861.49,21407351.76,DELIVERY ORDER,541712,"RESEARCH AND DEVELOPMENT IN THE PHYSICAL, ENGINEERING, AND LIFE SCIENCES (EXCEPT BIOTECHNOLOGY)",F999,OTHER ENVIRONMENTAL SERVICES,MD,UNITED STATES,2022-09-16,2027-06-19,OCEAN SCIENCE TECHNOLOGY APPLICATIONS TASK 2.0 (OSTA 2.0),https://www.usaspending.gov/award/CONT_AWD_1332KP22FNEED0042_1330_DOCST133017CQ0050_1330,2026-09-25T12:38:19.046Z
36C79125N0018,"SOLDIERPOINT DIGITAL HEALTH, LLC",PULLHCE2VM13,Department of Veterans Affairs,Department of Veterans Affairs,37191706.64,25219629.6,DELIVERY ORDER,334111,ELECTRONIC COMPUTER MANUFACTURING,6515,"MEDICAL AND SURGICAL INSTRUMENTS, EQUIPMENT, AND SUPPLIES",CO,UNITED STATES,2025-09-22,2026-10-21,PODIMETRIC MATS FOR VETERAN'S HOME TELEHEALTH PROGRAM.,https://www.usaspending.gov/award/CONT_AWD_36C79125N0018_3600_36C10G21D0016_3600,2026-09-25T12:38:19.046Z
47QFEA26F0006,"XTEC, INCORPORATED",D21ZNGNM3VC5,General Services Administration,Federal Acquisition Service,37071495.2,,BPA CALL,334111,ELECTRONIC COMPUTER MANUFACTURING,9330,PLASTICS FABRICATED MATERIALS,VA,UNITED STATES,2026-04-02,2027-07-01,FY26 CARDSTOCK ORDER 1. INITIAL PURCHASE OF CARDSTOCK ON BEHALF OF THE DMDC.,https://www.usaspending.gov/award/CONT_AWD_47QFEA26F0006_4732_47QFEA24A0002_4732,2026-09-25T12:38:19.046Z
89303323FEM400324,"PROFESSIONAL PROJECT SERVICES, INC.",FQR5JABDJ9D3,Department of Energy,Department of Energy,36910925.28,29046139.93,DELIVERY ORDER,562910,REMEDIATION SERVICES,R425,SUPPORT- PROFESSIONAL: ENGINEERING/TECHNICAL,TN,UNITED STATES,2023-02-23,2027-02-22,"THIS AWARD IS FOR PROVIDE VARIOUS TECHNICAL AND OVERSIGHT SUPPORT SERVICES RELATED TO PLANNING AND MANAGEMENT OF THE OAK RIDGE OFFICE OF ENVIRONMENTAL MANAGEMENT PORTFOLIO OF PROJECTS. AWARD IS MADE AGAINST THE THE NNSA TECHNICAL, ENGINEERING, AND PR",https://www.usaspending.gov/award/CONT_AWD_89303323FEM400324_8900_GS00F112CA_4732,2026-09-25T12:38:19.046Z
69056726C000005,STRIDER CONSTRUCTION CO INC,WUQTGGMCT9D7,Department of Transportation,Federal Highway Administration,36717585.2,1678393.32,DEFINITIVE CONTRACT,237310,"HIGHWAY, STREET, AND BRIDGE CONSTRUCTION",Y1LB,"CONSTRUCTION OF HIGHWAYS, ROADS, STREETS, BRIDGES, AND RAILWAYS",OR,UNITED STATES,2026-01-23,2028-10-29,"CONSTRUCTION SERVICES FOR PROJECT OR NPS CRLA 2018(1), CLEETWOOD TRAIL AND MARINA IMPROVEMENTS. THE WORK CONSISTS OF AGGREGATE BASE TRAIL RECONSTRUCTION, SLOPE STABILIZATION, SLOPE PROTECTION, WALLS (DRY STACK ROCKERY, SOIL NAIL, GABION, MECHANICALLY",https://www.usaspending.gov/award/CONT_AWD_69056726C000005_6925_-NONE-_-NONE-,2026-09-25T12:38:19.046Z
91003121F0335,IRON VINE SECURITY LLC,UL2BFA85ME72,Department of Education,Department of Education,36506237.86,30589851.7,BPA CALL,541519,OTHER COMPUTER RELATED SERVICES,DJ10,IT AND TELECOM - SECURITY AND COMPLIANCE AS A SERVICE,DC,UNITED STATES,2021-09-13,2027-03-15,THE PURPOSE OF THIS CALL ORDER IS TO PROVIDE CYBERSECURITY AND PRIVACY SUPPORT SERVICES (CPSS) FOR FSA'S FEDERAL TAX INFORMATION SERVICES.,https://www.usaspending.gov/award/CONT_AWD_91003121F0335_9100_91003121A0012_9100,2026-09-25T12:38:19.046Z
36C10B25F0106,MICROHEALTH LLC,C1RQANT6CG57,Department of Veterans Affairs,Department of Veterans Affairs,36430103.52,16396781.86,DELIVERY ORDER,541512,COMPUTER SYSTEMS DESIGN SERVICES,R499,SUPPORT- PROFESSIONAL: OTHER,VA,UNITED STATES,2025-04-25,2027-04-24,BENEFITS APPEALS AND MEMORIAL PROGRAM MANAGEMENT OFFICE AND TECHNICAL MANAGEMENT SUPPORT,https://www.usaspending.gov/award/CONT_AWD_36C10B25F0106_3600_47QTCH18D0041_4732,2026-09-25T12:38:19.046Z
2032H824C00001,"AMENTUM SERVICES, INC.",QEMLRQA7PLG4,Department of the Treasury,Internal Revenue Service,36401013.45,25876005.45,DEFINITIVE CONTRACT,493110,GENERAL WAREHOUSING AND STORAGE,R706,SUPPORT- MANAGEMENT: LOGISTICS SUPPORT,VA,UNITED STATES,2024-01-01,2026-12-31,THIS IS A DEFINITE CONTRACT FOR FACILITIES MANAGEMENT AND SECURITY SERVICES (FMSS) LOGISTICS SERVICES,https://www.usaspending.gov/award/CONT_AWD_2032H824C00001_2050_-NONE-_-NONE-,2026-09-25T12:38:19.046Z
95332421F0048,TCG INC,DRUNBSXBERD5,Millennium Challenge Corporation,Millennium Challenge Corporation,36364496.22,10422061,DELIVERY ORDER,541512,COMPUTER SYSTEMS DESIGN SERVICES,DD01,"IT AND TELECOM - SERVICE DELIVERY SUPPORT SERVICES: ITSM, OPERATIONS CENTER, PROJECT/PM (LABOR)",DC,UNITED STATES,2021-06-14,2027-06-13,SOFTWARE DEVELOPMENT,https://www.usaspending.gov/award/CONT_AWD_95332421F0048_9543_HHSN316201200178W_7529,2026-09-25T12:38:19.046Z
2033H622F00156,UNISON SOFTWARE INC,WK4KLC4ZBNF8,Department of the Treasury,Bureau of the Fiscal Service,36049087.63,22364854.91,DELIVERY ORDER,511210,SOFTWARE PUBLISHERS,7A21,IT AND TELECOM - BUSINESS APPLICATION SOFTWARE (PERPETUAL LICENSE SOFTWARE),VA,UNITED STATES,2022-09-01,2027-08-31,PRISM CONTRACT-WRITING SYSTEM SOFTWARE LICENSE/MAINTENANCE/SUPPORT,https://www.usaspending.gov/award/CONT_AWD_2033H622F00156_2036_47QTCA19D00EP_4732,2026-09-25T12:38:19.046Z
IND16PD01048,"MANTECH ADVANCED SYSTEMS INTERNATIONAL, INC.",JY2BDT2K58Z6,Department of the Interior,Departmental Offices,36045967.13,16320923.06,DELIVERY ORDER,541512,COMPUTER SYSTEMS DESIGN SERVICES,D318,"IT AND TELECOM- INTEGRATED HARDWARE/SOFTWARE/SERVICES SOLUTIONS, PREDOMINANTLY SERVICES",VA,UNITED STATES,2016-09-27,2022-03-26,IGF::CT::IGF  DATA EXCHANGE SERVICES (DES) DEVELOPMENT AND IMPLEMENTATION SUPPORT FOR PEO DHSM AND PMO DEFENSE MEDICAL INFORMATION EXCHANGE,https://www.usaspending.gov/award/CONT_AWD_IND16PD01048_1406_HHSN316201200022W_7529,2026-09-25T12:38:19.046Z
6982AF23C000013,HERBACK GENERAL ENGINEERING LLC,DKEDXW1LK5P3,Department of Transportation,Federal Highway Administration,35971974.9,21054428.77,DEFINITIVE CONTRACT,237310,"HIGHWAY, STREET, AND BRIDGE CONSTRUCTION",Y1LB,"CONSTRUCTION OF HIGHWAYS, ROADS, STREETS, BRIDGES, AND RAILWAYS",CA,UNITED STATES,2023-01-13,2026-06-12,CA FLAP 03S11(1) REDS MEADOW ROAD CONSTRUCTION CONTRACT,https://www.usaspending.gov/award/CONT_AWD_6982AF23C000013_6925_-NONE-_-NONE-,2026-09-25T12:38:19.046Z
15M30023PA3700014,"AAR AIRCRAFT SERVICES, INC.",D1Q1MZEMLBC5,Department of Justice,U.S. Marshals Service,35957077.38,10048028.34,PURCHASE ORDER,488190,OTHER SUPPORT ACTIVITIES FOR AIR TRANSPORTATION,J015,MAINT/REPAIR/REBUILD OF EQUIPMENT- AIRCRAFT AND AIRFRAME STRUCTURAL COMPONENTS,OK,UNITED STATES,2023-10-01,2027-09-30,"AIRCRAFT MAINTENANCE, LINE SERVICING, AND LOGISTICS SUPPORT SERVICES",https://www.usaspending.gov/award/CONT_AWD_15M30023PA3700014_1544_-NONE-_-NONE-,2026-09-25T12:38:19.046Z
1202SA24K9128,"10 TANKER AIR CARRIER, LLC",EJM2SPWE2JP3,Department of Agriculture,Forest Service,35801116.32,27149730.91,DELIVERY ORDER,481212,NONSCHEDULED CHARTERED FREIGHT AIR TRANSPORTATION,F003,NATURAL RESOURCES/CONSERVATION- FOREST-RANGE FIRE SUPPRESSION/PRESUPPRESSION,ID,UNITED STATES,2024-05-17,2026-12-31,10 TANKER - AIRTANKER MATOC EXCLUSIVE USE TASK ORDER,https://www.usaspending.gov/award/CONT_AWD_1202SA24K9128_12C2_1202SA23T9100_12C2,2026-09-25T12:38:19.046Z
140D0421F0293,"CENTERRA GROUP, LLC",H4H3J7SJCT76,Department of the Interior,Departmental Offices,35716046.08,31473742.42,DELIVERY ORDER,561612,SECURITY GUARDS AND PATROL SERVICES,S206,HOUSEKEEPING- GUARD,DC,UNITED STATES,2021-05-01,2026-10-31,"GUARD SERVICES FOR THE MAIN INTERIOR BUILDING IN WASHINGTON, DC",https://www.usaspending.gov/award/CONT_AWD_140D0421F0293_1406_GS07F5548P_4730,2026-09-25T12:38:19.046Z
75N93019C00054,DUKE UNIVERSITY,TP7EK8DZV6N5,Department of Health and Human Services,National Institutes of Health,35619447.24,20770741.68,DEFINITIVE CONTRACT,541715,"RESEARCH AND DEVELOPMENT IN THE PHYSICAL, ENGINEERING, AND LIFE SCIENCES (EXCEPT NANOTECHNOLOGY AND BIOTECHNOLOGY)",AN12,HEALTH R&D SERVICES; HEALTH CARE SERVICES; APPLIED RESEARCH,NC,UNITED STATES,2019-09-16,2030-12-31,"COLLABORATIVE INFLUENZA VACCINE INNOVATION CENTERS (CIVICS) - COMPONENT C: CLINICAL CORE (AWARDED POP: SEPTEMBER 16, 2019 - SEPTEMBER 15, 2020)",https://www.usaspending.gov/award/CONT_AWD_75N93019C00054_7529_-NONE-_-NONE-,2026-09-25T12:38:19.046Z
15DDHQ21F00001671,"EAGLE HARBOR, LLC",KYNNE53LWS99,Department of Justice,Drug Enforcement Administration,35187636.36,31052972.85,DELIVERY ORDER,541330,ENGINEERING SERVICES,R408,SUPPORT- PROFESSIONAL: PROGRAM MANAGEMENT/SUPPORT,VA,UNITED STATES,2021-11-01,2026-11-30,THIS IS A FIRM FIXED LABOR RATE TASK ORDER FOR PROFESSIONAL TECHNICAL ADMINISTRATIVE SUPPORT SERVICES (PTASS),https://www.usaspending.gov/award/CONT_AWD_15DDHQ21F00001671_1524_47QRAD20D8111_4732,2026-09-25T12:38:19.046Z
1202SA24K9124,"10 TANKER AIR CARRIER, LLC",EJM2SPWE2JP3,Department of Agriculture,Forest Service,34951083.93,24073315.51,DELIVERY ORDER,481212,NONSCHEDULED CHARTERED FREIGHT AIR TRANSPORTATION,F003,NATURAL RESOURCES/CONSERVATION- FOREST-RANGE FIRE SUPPRESSION/PRESUPPRESSION,ID,UNITED STATES,2024-05-17,2028-12-31,10 TANKER - AIRTANKER MATCO 2023 EXCLUSIVE USE TASK ORDER 120 DAY MAP,https://www.usaspending.gov/award/CONT_AWD_1202SA24K9124_12C2_1202SA23T9100_12C2,2026-09-25T12:38:19.046Z
70LGLY21CGLB00003,KADIAK LLC,S58NJBBDKRF5,Department of Homeland Security,Federal Law Enforcement Training Center,34646614.05,23437476.22,DEFINITIVE CONTRACT,621999,ALL OTHER MISCELLANEOUS AMBULATORY HEALTH CARE SERVICES,Q201,MEDICAL- MANAGED HEALTHCARE,GA,UNITED STATES,2021-04-01,2026-07-31,"HEALTH SERVICES, ENTERPRISE, SBA EM1608747851Z",https://www.usaspending.gov/award/CONT_AWD_70LGLY21CGLB00003_7015_-NONE-_-NONE-,2026-09-25T12:38:19.046Z
70LGLY25CGLB00004,"T47 INTERNATIONAL, INC.",JXGZBLGBA996,Department of Homeland Security,Federal Law Enforcement Training Center,34636684.21,20298404.82,DEFINITIVE CONTRACT,561720,JANITORIAL SERVICES,S201,HOUSEKEEPING- CUSTODIAL JANITORIAL,GA,UNITED STATES,2025-07-01,2027-07-31,DORM MANAGEMENT SERVICES,https://www.usaspending.gov/award/CONT_AWD_70LGLY25CGLB00004_7015_-NONE-_-NONE-,2026-09-25T12:38:19.046Z
TIRNO11D000200008,"GENERAL DYNAMICS INFORMATION TECHNOLOGY, INC.",SMNWM6HN79X5,Department of the Treasury,Internal Revenue Service,34575918.07,15528460.97,DELIVERY ORDER,541519,OTHER COMPUTER RELATED SERVICES,D306,IT AND TELECOM- SYSTEMS ANALYSIS,MD,UNITED STATES,2017-07-20,2026-09-30,IGF::CL::IGF FOR CLOSELY ASSOCIATED - CSIRC,https://www.usaspending.gov/award/CONT_AWD_TIRNO11D000200008_2050_TIRNO11D00020_2050,2026-09-25T12:38:19.046Z
47QFLA22F0068,"GALOIS, INC.",MKT6C6U2BRM4,General Services Administration,Federal Acquisition Service,34562986.17,0,DELIVERY ORDER,541715,"RESEARCH AND DEVELOPMENT IN THE PHYSICAL, ENGINEERING, AND LIFE SCIENCES (EXCEPT NANOTECHNOLOGY AND BIOTECHNOLOGY)",AC12,NATIONAL DEFENSE R&D SERVICES; DEPARTMENT OF DEFENSE - MILITARY; APPLIED RESEARCH,OH,UNITED STATES,2022-04-01,2027-03-31,SBIR PHASE III TASK ORDER 2 ADIDRUS,https://www.usaspending.gov/award/CONT_AWD_47QFLA22F0068_4732_47QFLA21D0017_4732,2026-09-25T12:38:19.046Z
2031JG26F56092,STONEX FINANCIAL LTD,ZRGFMMN3RXV8,Department of the Treasury,United States Mint,34350461.86,,DELIVERY ORDER,331410,NONFERROUS METAL (EXCEPT ALUMINUM) SMELTING AND REFINING,9660,PRECIOUS METALS PRIMARY FORMS,,UNITED KINGDOM,2026-09-22,2026-09-28,SILVER RAW MATERIAL  MINT MAC SILVER BULLION,https://www.usaspending.gov/award/CONT_AWD_2031JG26F56092_2044_2031JG21D00023_2044,2026-09-25T12:38:19.046Z
36C10F21C0004,MGC SERVICES A JOINT VENTURE 2 LLC,CMT1CRXRL666,Department of Veterans Affairs,Department of Veterans Affairs,34327462.31,16805402.18,DEFINITIVE CONTRACT,237990,OTHER HEAVY AND CIVIL ENGINEERING CONSTRUCTION,Y1PC,CONSTRUCTION OF UNIMPROVED REAL PROPERTY (LAND),MI,UNITED STATES,2021-06-15,2026-10-30,PHASE 2 EXPANSION OF THE GREAT LAKES NATIONAL CEMETERY,https://www.usaspending.gov/award/CONT_AWD_36C10F21C0004_3600_-NONE-_-NONE-,2026-09-25T12:38:19.046Z
89233124FNA400641,MELE ASSOCIATES INC,MJBFX1KJ7KY1,Department of Energy,Department of Energy,34039754.35,22016696.22,DELIVERY ORDER,541330,ENGINEERING SERVICES,L099,TECHNICAL REPRESENTATIVE- MISCELLANEOUS,DC,UNITED STATES,2024-08-30,2027-08-31,TECHNICAL AND ANALYTICAL SUPPORT SERVICES FOR THE OFFICE OF DEFENSE NUCLEAR SECURITY (NA-70),https://www.usaspending.gov/award/CONT_AWD_89233124FNA400641_8900_GS00F243CA_4732,2026-09-25T12:38:19.046Z
12319825F0006,"AMERICOLD LOGISTICS, LLC",J54KYKWUBEG3,Department of Agriculture,Food and Nutrition Service,34019561,,DELIVERY ORDER,493110,GENERAL WAREHOUSING AND STORAGE,V112,TRANSPORTATION/TRAVEL/RELOCATION- TRANSPORTATION: MOTOR FREIGHT,GA,UNITED STATES,2025-09-15,2027-09-14,SUPPORT SERVICES FOR USG FOOD DONATIONS: 2000010504/4400002494/4300014558/3PL SERVICES,https://www.usaspending.gov/award/CONT_AWD_12319825F0006_12F2_12319825D0001_12F2,2026-09-25T12:38:19.046Z
47QFLA23F0206,CGI FEDERAL INC.,TRKEP1HEBNS5,General Services Administration,Federal Acquisition Service,33898845.89,0,DELIVERY ORDER,541511,CUSTOM COMPUTER PROGRAMMING SERVICES,R499,SUPPORT- PROFESSIONAL: OTHER,DC,UNITED STATES,2023-09-29,2027-09-28,INFORMATION TECHNOLOGY RISK AND ANALYSIS SUPPORT,https://www.usaspending.gov/award/CONT_AWD_47QFLA23F0206_4732_47QFLA21D0004_4732,2026-09-25T12:38:19.046Z
1202SA24K9115,"AERO AIR, LLC",LUP6L35Y7D36,Department of Agriculture,Forest Service,33804282.9,25808482.95,DELIVERY ORDER,481212,NONSCHEDULED CHARTERED FREIGHT AIR TRANSPORTATION,F003,NATURAL RESOURCES/CONSERVATION- FOREST-RANGE FIRE SUPPRESSION/PRESUPPRESSION,ID,UNITED STATES,2024-05-17,2026-12-31,AERO AIR - AIRTANKER MATCO 2023 EXCLUSIVE USE TASK ORDER - 160 DAY MAP,https://www.usaspending.gov/award/CONT_AWD_1202SA24K9115_12C2_1202SA23T9101_12C2,2026-09-25T12:38:19.046Z
50310222F0056,"ANACAPA MICRO PRODUCTS, INC.",CYX7XBK19BU4,Securities and Exchange Commission,Securities and Exchange Commission,33706329.18,28299827.98,DELIVERY ORDER,541519,OTHER COMPUTER RELATED SERVICES,DA10,IT AND TELECOM - BUSINESS APPLICATION/APPLICATION DEVELOPMENT SOFTWARE AS A SERVICE,CA,UNITED STATES,2022-04-15,2028-04-30,NETAPP PRODUCTS,https://www.usaspending.gov/award/CONT_AWD_50310222F0056_5000_50310221G0003_5000,2026-09-25T12:38:19.046Z
6982AF24C000016,"JOSEPH J. ALBANESE, INC.",L3DGMCLTFZY5,Department of Transportation,Federal Highway Administration,33645591.78,24128885.81,DEFINITIVE CONTRACT,237310,"HIGHWAY, STREET, AND BRIDGE CONSTRUCTION",Y1LB,"CONSTRUCTION OF HIGHWAYS, ROADS, STREETS, BRIDGES, AND RAILWAYS",CA,UNITED STATES,2024-04-25,2026-11-30,CA FLAP SCR T5(1) MONTEREY BAY SANCTUARY SCENIC TRAIL CONSTRUCTION CONTRACT,https://www.usaspending.gov/award/CONT_AWD_6982AF24C000016_6925_-NONE-_-NONE-,2026-09-25T12:38:19.046Z
70CMSD23FR0000080,"GEM TECHNOLOGY INTERNATIONAL, CORP",CBHQBYK7BBN4,Department of Homeland Security,U.S. Immigration and Customs Enforcement,33494447.97,20499632.26,DELIVERY ORDER,561612,SECURITY GUARDS AND PATROL SERVICES,R408,SUPPORT- PROFESSIONAL: PROGRAM MANAGEMENT/SUPPORT,TX,UNITED STATES,2023-08-01,2027-07-31,PROGRAM AND ADMINISTRATIVE SUPPORT SERVICES,https://www.usaspending.gov/award/CONT_AWD_70CMSD23FR0000080_7012_47QRAA22D008D_4732,2026-09-25T12:38:19.046Z
12314422F0496,CANDOR SOLUTIONS LLC,JSL9E59CT6J9,Department of Agriculture,Office of the Chief Financial Officer,33418245.71,21631322.64,DELIVERY ORDER,541512,COMPUTER SYSTEMS DESIGN SERVICES,DA10,IT AND TELECOM - BUSINESS APPLICATION/APPLICATION DEVELOPMENT SOFTWARE AS A SERVICE,VA,UNITED STATES,2022-08-11,2027-05-31,PROGRAM FINANCIAL SERVICES (PFS) SOFTWARE DELIVERY (MAINTENANCE AND DEVELOPMENT),https://www.usaspending.gov/award/CONT_AWD_12314422F0496_1205_HHSN316201200110W_7529,2026-09-25T12:38:19.046Z
47QFMA23F0020,"LEIDOS, INC.",MDSWM6MB1BH7,General Services Administration,Federal Acquisition Service,33308859.86,0,DELIVERY ORDER,541330,ENGINEERING SERVICES,R499,SUPPORT- PROFESSIONAL: OTHER,,BELGIUM,2023-08-05,2027-08-04,NSHQ ETEE,https://www.usaspending.gov/award/CONT_AWD_47QFMA23F0020_4732_GS00Q14OADU122_4732,2026-09-25T12:38:19.046Z
2032H522F00615,"T-MOBILE USA, INC.",ZVW2T2CCG7V9,Department of the Treasury,Internal Revenue Service,33179216.63,13684989.82,BPA CALL,334220,RADIO AND TELEVISION BROADCASTING AND WIRELESS COMMUNICATIONS EQUIPMENT MANUFACTURING,DE11,IT AND TELECOM - MOBILE DEVICE AS A SERVICE,DC,UNITED STATES,2022-09-30,2027-09-29,"IRS BASELINE REQUIREMENT FOR SMARTPHONES, HOTSPOTS, AND TABLETS.",https://www.usaspending.gov/award/CONT_AWD_2032H522F00615_2050_2032H521A00022_2050,2026-09-25T12:38:19.046Z
75N91019F00134,LEIDOS BIOMEDICAL RESEARCH INC,HV8BH9BPG8Y9,Department of Health and Human Services,National Institutes of Health,33139792,21778787.42,DELIVERY ORDER,541715,"RESEARCH AND DEVELOPMENT IN THE PHYSICAL, ENGINEERING, AND LIFE SCIENCES (EXCEPT NANOTECHNOLOGY AND BIOTECHNOLOGY)",M1HA,OPERATION OF GOVERNMENT-OWNED CONTRACTOR-OPERATED (GOCO) R&D FACILITIES,MD,UNITED STATES,2019-08-31,2027-09-30,FFRDC MOONSHOT PORTFOLIO TASK ORDER,https://www.usaspending.gov/award/CONT_AWD_75N91019F00134_7529_75N91019D00024_7529,2026-09-25T12:38:19.046Z
15F06724C0001156,SERVICESOURCE INC,XE8KLB3SCAN9,Department of Justice,Federal Bureau of Investigation,33129395.26,19357108.47,DEFINITIVE CONTRACT,561720,JANITORIAL SERVICES,S201,HOUSEKEEPING- CUSTODIAL JANITORIAL,VA,UNITED STATES,2024-09-01,2027-08-31,CONTRACT FOR FBI & DEA JANITORIAL SERVICES.,https://www.usaspending.gov/award/CONT_AWD_15F06724C0001156_1549_-NONE-_-NONE-,2026-09-25T12:38:19.046Z
80KSC023FA109,SPACE EXPLORATION TECHNOLOGIES CORP.,C6M7C2FLKER5,National Aeronautics and Space Administration,National Aeronautics and Space Administration,33097376.26,21001594.76,DELIVERY ORDER,481212,NONSCHEDULED CHARTERED FREIGHT AIR TRANSPORTATION,V126,TRANSPORTATION/TRAVEL/RELOCATION- TRANSPORTATION: SPACE TRANSPORTATION/LAUNCH,CA,UNITED STATES,2023-03-29,2032-01-27,VENTURE-CLASS ACQUISITION OF DEDICATED AND RIDESHARE (VADR) UMBRELLA TASK ORDER.,https://www.usaspending.gov/award/CONT_AWD_80KSC023FA109_8000_80KSC022DA109_8000,2026-09-25T12:38:19.046Z
47QFSA22F0129,"DMC MANAGEMENT SERVICES, LLC",YDFXJ4HBAGA6,General Services Administration,Federal Acquisition Service,33059647.26,0,DELIVERY ORDER,531110,LESSORS OF RESIDENTIAL BUILDINGS AND DWELLINGS,S216,HOUSEKEEPING- FACILITIES OPERATIONS SUPPORT,DC,UNITED STATES,2022-09-01,2027-08-31,NCRIADS LONG  SHORT TERM LODGING SERVICES,https://www.usaspending.gov/award/CONT_AWD_47QFSA22F0129_4732_GS33F0004V_4730,2026-09-25T12:38:19.046Z
89233122FNA400452,SIGMA SCIENCE INC,NB31NPVJHRZ5,Department of Energy,Department of Energy,32949558.14,21369961.47,DELIVERY ORDER,541330,ENGINEERING SERVICES,R408,SUPPORT- PROFESSIONAL: PROGRAM MANAGEMENT/SUPPORT,TN,UNITED STATES,2022-07-15,2026-11-13,Y-12 ACQUISITION AND PROJECT MANAGEMENT OFFICE (APMO) TECHNICAL & ADMINISTRATIVE SUPPORT SERVICES - NA-APM-1.3,https://www.usaspending.gov/award/CONT_AWD_89233122FNA400452_8900_47QRAA18D005Q_4732,2026-09-25T12:38:19.046Z
47PB5126C0008,"MURNANE BUILDING CONTRACTORS, INC.",KM99BK36EFK9,General Services Administration,Public Buildings Service,32896400,0,DEFINITIVE CONTRACT,236220,COMMERCIAL AND INSTITUTIONAL BUILDING CONSTRUCTION,Z2AA,REPAIR OR ALTERATION OF OFFICE BUILDINGS,NY,UNITED STATES,2026-04-21,2028-05-20,THE PURPOSE OF THIS CONTRACT IS TO PROCURE THE TROUT RIVER LPOE PROJECT,https://www.usaspending.gov/award/CONT_AWD_47PB5126C0008_4740_-NONE-_-NONE-,2026-09-25T12:38:19.046Z
1605JE22C0009,SERRATO CORPORATION,UFU3KV3SYHR3,Department of Labor,Office of the Assistant Secretary for Administration and Management,32660387.11,0,DEFINITIVE CONTRACT,611519,OTHER TECHNICAL AND TRADE SCHOOLS,U006,EDUCATION/TRAINING- VOCATIONAL/TECHNICAL,VA,UNITED STATES,2022-04-01,2027-03-31,"OPERATION OF THE BLUE RIDGE JOB CORPS CENTER, WITH OUTREACH/ADMISSIONS AND CAREER TRANSITION SERVICES",https://www.usaspending.gov/award/CONT_AWD_1605JE22C0009_1605_-NONE-_-NONE-,2026-09-25T12:38:19.046Z
693KA825F00145,"CROWN INNOVATIONS, INC.",JN3UKDP675C4,Department of Transportation,Federal Aviation Administration,32491837.74,11961915.65,DELIVERY ORDER,237130,POWER AND COMMUNICATION LINE AND RELATED STRUCTURES CONSTRUCTION,5895,MISCELLANEOUS COMMUNICATION EQUIPMENT,CA,UNITED STATES,2025-04-15,2027-02-12,THE CONTRACTOR SHALL PROVIDE ALL PROGRAM SUPPORT,https://www.usaspending.gov/award/CONT_AWD_693KA825F00145_6920_693KA825D00004_6920,2026-09-25T12:38:19.046Z
80JSC025F0002,"MACLEAN ENGINEERING & APPLIED TECHNOLOGIES, L.L.C.",MVMGDU5781V2,National Aeronautics and Space Administration,National Aeronautics and Space Administration,32247028.47,16948562.61,DELIVERY ORDER,541511,CUSTOM COMPUTER PROGRAMMING SERVICES,R425,SUPPORT- PROFESSIONAL: ENGINEERING/TECHNICAL,TX,UNITED STATES,2025-10-01,2030-09-30,SIMULATION AND ADVANCED SOFTWARE SERVICES II (SASS II) TASK ORDER,https://www.usaspending.gov/award/CONT_AWD_80JSC025F0002_8000_80JSC025D0071_8000,2026-09-25T12:38:19.046Z
75N98023F00043,"TRIPOINT SOLUTIONS, LLC",Q3NHPNH2BKZ5,Department of Health and Human Services,National Institutes of Health,31906604.56,29795379.76,DELIVERY ORDER,541511,CUSTOM COMPUTER PROGRAMMING SERVICES,R499,SUPPORT- PROFESSIONAL: OTHER,VA,UNITED STATES,2022-12-19,2026-12-18,NITAAC E-GOS LEGACY & NEXT GEN WITH SHAREPOINT SUPPORT SERVICES,https://www.usaspending.gov/award/CONT_AWD_75N98023F00043_7529_47QTCA18D008J_4732,2026-09-25T12:38:19.046Z
68HERC24F0156,EASTERN RESEARCH GROUP INC,DK4TBEJRAR56,Environmental Protection Agency,Environmental Protection Agency,31579375.56,16183025.78,DELIVERY ORDER,541620,ENVIRONMENTAL CONSULTING SERVICES,F999,OTHER ENVIRONMENTAL SERVICES,MA,UNITED STATES,2024-03-04,2027-02-15,CLOSING AMERICAS WASTEWATER ACCESS GAP COMMUNITY PROGRAM SUPPORT,https://www.usaspending.gov/award/CONT_AWD_68HERC24F0156_6800_68HERC23D0001_6800,2026-09-25T12:38:19.046Z
15F06722C0000258,"PANAMERICA COMPUTERS, INC.",DPQEDJ6CXZM5,Department of Justice,Federal Bureau of Investigation,31522615.59,25949467.49,DEFINITIVE CONTRACT,519130,INTERNET PUBLISHING AND BROADCASTING AND WEB SEARCH PORTALS,DA10,IT AND TELECOM - BUSINESS APPLICATION/APPLICATION DEVELOPMENT SOFTWARE AS A SERVICE,VA,UNITED STATES,2022-03-30,2027-03-29,"REQUEST FOR PROPOSALS FOR 5,000 LICENSES TO A TACTICAL SOCIAL MEDIA EXPLOITATION (SOMEX) TOOL.",https://www.usaspending.gov/award/CONT_AWD_15F06722C0000258_1549_-NONE-_-NONE-,2026-09-25T12:38:19.046Z
47QFWA22F0023,PERATON INC.,ZBPQEJVECCT4,General Services Administration,Federal Acquisition Service,31422275.49,0,DELIVERY ORDER,541512,COMPUTER SYSTEMS DESIGN SERVICES,DE01,"IT and Telecom - End User: Help Desk; Tier 1-2, Workspace, Print, Output, Productivity Tools (Labor)",GA,UNITED STATES,2022-07-01,2027-06-30,INFORMATION TECHNOLOGY SERVICE DESK AND ENGINEERING SERVICES 47QFWA22F0023,https://www.usaspending.gov/award/CONT_AWD_47QFWA22F0023_4732_47QTCK18D0011_4732,2026-09-25T12:38:19.046Z
GSQ0017AJ0019,"GENERAL DYNAMICS INFORMATION TECHNOLOGY, INC.",SMNWM6HN79X5,General Services Administration,Federal Acquisition Service,31344751.93,-34400.47,DELIVERY ORDER,541512,COMPUTER SYSTEMS DESIGN SERVICES,D321,IT AND TELECOM- HELP DESK,NC,UNITED STATES,2017-02-17,2022-05-19,IGF::CT::IGF EPA HIGH END SCIENTIFIC COMPUTING SUPPORT,https://www.usaspending.gov/award/CONT_AWD_GSQ0017AJ0019_4732_GS00Q09BGD0025_4735,2026-09-25T12:38:19.046Z
68HE0724F0143,"KEMRON/ARROWHEAD JV, LLC",JQYTHZ2C8L69,Environmental Protection Agency,Environmental Protection Agency,31339119.04,9210557.55,DELIVERY ORDER,562910,REMEDIATION SERVICES,F108,ENVIRONMENTAL SYSTEMS PROTECTION- ENVIRONMENTAL REMEDIATION,KS,UNITED STATES,2024-09-18,2028-09-24,"RAF, RES_CLIN 0002: REMEDIAL CONSTRUCTION AND REMOVAL ACTIVITIES, 57TH AND NORTH BROADWAY, WICHITA, KANSAS.",https://www.usaspending.gov/award/CONT_AWD_68HE0724F0143_6800_68HERH19D0012_6800,2026-09-25T12:38:19.046Z
80KSC023FA112,FIREFLY AEROSPACE INC.,UJHHLTAPK7N5,National Aeronautics and Space Administration,National Aeronautics and Space Administration,31311531,14174793.7,DELIVERY ORDER,481212,NONSCHEDULED CHARTERED FREIGHT AIR TRANSPORTATION,V126,TRANSPORTATION/TRAVEL/RELOCATION- TRANSPORTATION: SPACE TRANSPORTATION/LAUNCH,TX,UNITED STATES,2023-03-29,2032-01-27,VENTURE-CLASS ACQUISITION OF DEDICATED AND RIDESHARE (VADR) UMBRELLA TASK ORDER,https://www.usaspending.gov/award/CONT_AWD_80KSC023FA112_8000_80KSC022DA112_8000,2026-09-25T12:38:19.046Z
89303021CMA000062,DIDLAKE INC,YMZ1PCB5LEM9,Department of Energy,Department of Energy,31228136.12,26214297.98,DEFINITIVE CONTRACT,561720,JANITORIAL SERVICES,S201,HOUSEKEEPING- CUSTODIAL JANITORIAL,VA,UNITED STATES,2021-05-11,2026-11-11,FORRESTAL JANITORIAL CONTRACT,https://www.usaspending.gov/award/CONT_AWD_89303021CMA000062_8900_-NONE-_-NONE-,2026-09-25T12:38:19.046Z
2032H522F00647,SIE CONSULTING GROUP LLC,L16CDAGJ1UL4,Department of the Treasury,Internal Revenue Service,31111341.12,22611593.85,DELIVERY ORDER,541511,CUSTOM COMPUTER PROGRAMMING SERVICES,R699,SUPPORT- ADMINISTRATIVE: OTHER,MD,UNITED STATES,2022-09-22,2027-09-29,SAM FOLLOW-ON,https://www.usaspending.gov/award/CONT_AWD_2032H522F00647_2050_47QTCA18D0015_4732,2026-09-25T12:38:19.046Z
1605JE23C0002,THE BIZZELL GROUP LLC,KGJUK3TUQ416,Department of Labor,Office of the Assistant Secretary for Administration and Management,31077596.56,27680296.59,DEFINITIVE CONTRACT,611519,OTHER TECHNICAL AND TRADE SCHOOLS,U006,EDUCATION/TRAINING- VOCATIONAL/TECHNICAL,CT,UNITED STATES,2022-11-01,2026-11-30,OPERATIONS OF THE NEW HAVEN JOB CORPS CENTER WITH OUTREACH AND ADMISSIONS AND CAREER TRANSITION SERVICES.,https://www.usaspending.gov/award/CONT_AWD_1605JE23C0002_1605_-NONE-_-NONE-,2026-09-25T12:38:19.046Z
70RFP224FREC00038,"GOLDEN SVCS, LLC",K77SAUK7G9E4,Department of Homeland Security,Office of Procurement Operations,31045735.63,26973933.54,DELIVERY ORDER,561612,SECURITY GUARDS AND PATROL SERVICES,S206,HOUSEKEEPING- GUARD,VA,UNITED STATES,2024-10-01,2027-09-30,PROTECTIVE SECURITY OFFICER (PSO) SERVICES AT MULTIPLE LOCATIONS IN NORTHERN VIRGINIA.,https://www.usaspending.gov/award/CONT_AWD_70RFP224FREC00038_7001_70RFP224DEC000006_7001,2026-09-25T12:38:19.046Z
36C25626C0046,"BLUE CORD DESIGN AND CONSTRUCTION, LLC",WRV2FR811M24,Department of Veterans Affairs,Department of Veterans Affairs,30995241,,DEFINITIVE CONTRACT,236220,COMMERCIAL AND INSTITUTIONAL BUILDING CONSTRUCTION,Y1DA,CONSTRUCTION OF HOSPITALS AND INFIRMARIES,AR,UNITED STATES,2026-06-30,2026-09-13,"564-19-403 RENOVATE STERILE PROCESSING SERVICES (SPS), FAYETTEVILLE, AR 72703. POP 720 CALENDAR DAYS FROM NTP. EO 14398",https://www.usaspending.gov/award/CONT_AWD_36C25626C0046_3600_-NONE-_-NONE-,2026-09-25T12:38:19.046Z
70RFPW25FRW800007,TRIPLE CANOPY INC,F481BZWYCZA7,Department of Homeland Security,Office of Procurement Operations,30886470.02,15388578.4,DELIVERY ORDER,561612,SECURITY GUARDS AND PATROL SERVICES,S206,HOUSEKEEPING- GUARD,CO,UNITED STATES,2025-11-01,2029-10-31,NEW PROTECTIVE SECURITY OFFICER (PSO) SERVICES FOR THE STATE OF COLORADO,https://www.usaspending.gov/award/CONT_AWD_70RFPW25FRW800007_7001_70RFP224DEC000011_7001,2026-09-25T12:38:19.046Z
75FCMC24F0207,DELOITTE CONSULTING LLP,CKV2L9GZKJK3,Department of Health and Human Services,Centers for Medicare and Medicaid Services,30884352.05,20513904.57,DELIVERY ORDER,541611,ADMINISTRATIVE MANAGEMENT AND GENERAL MANAGEMENT CONSULTING SERVICES,R499,SUPPORT- PROFESSIONAL: OTHER,MD,UNITED STATES,2024-09-27,2027-09-26,PPG INTEGRATED FINANCIAL AND ACTUARIAL CONTRACT RECOMPETE BASE YEAR,https://www.usaspending.gov/award/CONT_AWD_75FCMC24F0207_7530_47QRAA18D001P_4732,2026-09-25T12:38:19.046Z
70RTAC25FR0000049,"ECS FEDERAL, LLC",XYB4JU4PA6T4,Department of Homeland Security,Office of Procurement Operations,30883922.95,12743841.86,DELIVERY ORDER,541330,ENGINEERING SERVICES,DH10,"IT AND TELECOM - PLATFORM AS A SERVICE: DATABASE, MAINFRAME, MIDDLEWARE",VA,UNITED STATES,2025-09-09,2027-03-08,AWARD FOR DATA SERVICES BRANCH TECHNICAL SUPPORT SERVICES,https://www.usaspending.gov/award/CONT_AWD_70RTAC25FR0000049_7001_GS00F072CA_4732,2026-09-25T12:38:19.046Z
47QFLA25F0072,"MI TECHNICAL SOLUTIONS, INC.",RH63VKMG2Q83,General Services Administration,Federal Acquisition Service,30869071.39,,DELIVERY ORDER,541715,"RESEARCH AND DEVELOPMENT IN THE PHYSICAL, ENGINEERING, AND LIFE SCIENCES (EXCEPT NANOTECHNOLOGY AND BIOTECHNOLOGY)",AJ12,GENERAL SCIENCE AND TECHNOLOGY R&D SERVICES; GENERAL SCIENCE AND TECHNOLOGY; APPLIED RESEARCH,VA,UNITED STATES,2025-08-06,2027-08-05,SCORESNAIRS MODULAR  CNRMC  FLEET,https://www.usaspending.gov/award/CONT_AWD_47QFLA25F0072_4732_47QFLA25D0003_4732,2026-09-25T12:38:19.046Z
36C10B24F0414,"MINBURN TECHNOLOGY GROUP, LLC",WN8JFVZTBCA5,Department of Veterans Affairs,Department of Veterans Affairs,30661836,,DELIVERY ORDER,541519,OTHER COMPUTER RELATED SERVICES,7A21,IT AND TELECOM - BUSINESS APPLICATION SOFTWARE (PERPETUAL LICENSE SOFTWARE),DC,UNITED STATES,2024-09-30,2027-09-22,IRBNET SAAS,https://www.usaspending.gov/award/CONT_AWD_36C10B24F0414_3600_NNG15SD34B_8000,2026-09-25T12:38:19.046Z
80KSC023CA003,"A-P-T RESEARCH, INC.",C7DUMVV65594,National Aeronautics and Space Administration,National Aeronautics and Space Administration,30660562,25776190.09,DEFINITIVE CONTRACT,541330,ENGINEERING SERVICES,R425,SUPPORT- PROFESSIONAL: ENGINEERING/TECHNICAL,FL,UNITED STATES,2023-02-01,2026-11-30,SAFETY AND MISSION ASSURANCE SUPPORT SERVICES (SMASS) IV,https://www.usaspending.gov/award/CONT_AWD_80KSC023CA003_8000_-NONE-_-NONE-,2026-09-25T12:38:19.046Z
47QFRA22F0010,DELOITTE CONSULTING LLP,CKV2L9GZKJK3,General Services Administration,Federal Acquisition Service,30525469.51,0,DELIVERY ORDER,541512,COMPUTER SYSTEMS DESIGN SERVICES,DJ01,IT AND TELECOM - SECURITY AND COMPLIANCE SUPPORT SERVICES (LABOR),VA,UNITED STATES,2022-09-28,2027-09-27,CAPACITY BUILDING STRATEGIC PLANNING SERVICES AND SOLUTIONS,https://www.usaspending.gov/award/CONT_AWD_47QFRA22F0010_4732_47QTCK18D0029_4732,2026-09-25T12:38:19.046Z
70FA3021F00000453,"AT&T ENTERPRISES, LLC",MX89BGD5FK75,Department of Homeland Security,Federal Emergency Management Agency,30380994.71,19025163.01,DELIVERY ORDER,517110,WIRED TELECOMMUNICATIONS CARRIERS,DG10,IT AND TELECOM - NETWORK AS A SERVICE,DC,UNITED STATES,2021-09-22,2026-09-29,FEMA CONTACT CENTER CAPABILITY MODERNIZATION PROGRAM,https://www.usaspending.gov/award/CONT_AWD_70FA3021F00000453_7022_GS00Q17NSD3000_4732,2026-09-25T12:38:19.046Z
75N91019F00138,LEIDOS BIOMEDICAL RESEARCH INC,HV8BH9BPG8Y9,Department of Health and Human Services,National Institutes of Health,30072495.87,10413851.91,DELIVERY ORDER,541715,"RESEARCH AND DEVELOPMENT IN THE PHYSICAL, ENGINEERING, AND LIFE SCIENCES (EXCEPT NANOTECHNOLOGY AND BIOTECHNOLOGY)",AN12,HEALTH R&D SERVICES; HEALTH CARE SERVICES; APPLIED RESEARCH,MD,UNITED STATES,2019-09-23,2031-03-31,CMC SUPPORT FOR NCATS RARE DISEASE PLATFORM GENE THERAPY TRIAL PROJECTS,https://www.usaspending.gov/award/CONT_AWD_75N91019F00138_7529_75N91019D00024_7529,2026-09-25T12:38:19.046Z
47QFMA21F0015,BOOZ ALLEN HAMILTON INC,JCBMLGPE6Z71,General Services Administration,Federal Acquisition Service,30072070.69,0,DELIVERY ORDER,541330,ENGINEERING SERVICES,R499,SUPPORT- PROFESSIONAL: OTHER,MD,UNITED STATES,2021-03-23,2026-03-22,PROFESSIONAL SERVICES P2,https://www.usaspending.gov/award/CONT_AWD_47QFMA21F0015_4732_GS00Q14OADU108_4732,2026-09-25T12:38:19.046Z
70US0926F3OTH3117,GENERAL MOTORS LLC,GLKRGLDDWFA4,Department of Homeland Security,U.S. Secret Service,30066079,,DELIVERY ORDER,336211,MOTOR VEHICLE BODY MANUFACTURING,2310,PASSENGER MOTOR VEHICLES,MI,UNITED STATES,2026-09-21,2027-09-20,THE PURPOSE OF THIS ORDER IS TO PROCURE SHIELD VEHICLES OFF AN EXISTING IDIQ.,https://www.usaspending.gov/award/CONT_AWD_70US0926F3OTH3117_7009_70US0926D70092111_7009,2026-09-25T12:38:19.046Z
1202SA24K9117,"AERO-FLITE, INC.",QLPVYV6GY874,Department of Agriculture,Forest Service,30057789.5,24448557.45,DELIVERY ORDER,481212,NONSCHEDULED CHARTERED FREIGHT AIR TRANSPORTATION,F003,NATURAL RESOURCES/CONSERVATION- FOREST-RANGE FIRE SUPPRESSION/PRESUPPRESSION,ID,UNITED STATES,2024-05-17,2026-12-31,AERO FLITE - AIRTANKER MATCO 2023 EXCLUSIVE USE TASK ORDER 160 DAY MAP,https://www.usaspending.gov/award/CONT_AWD_1202SA24K9117_12C2_1202SA23T9102_12C2,2026-09-25T12:38:19.046Z
693JJ621F000034,STRONGBRIDGE LLC,VKA1W2FUES66,Department of Transportation,Federal Railroad Administration,30051719.29,23361095.52,BPA CALL,541511,CUSTOM COMPUTER PROGRAMMING SERVICES,DA10,IT AND TELECOM - BUSINESS APPLICATION/APPLICATION DEVELOPMENT SOFTWARE AS A SERVICE,VA,UNITED STATES,2021-07-30,2027-06-29,"THE CONTRACTOR SHALL PROVIDE ALL PERSONNEL, EQUIPMENT, SUPPLIES, FACILITIES, TRANSPORTATION, TOOLS, MATERIALS, SUPERVISION, AND  OTHER ITEMS AND NON-PERSONAL SERVICES NECESSARY TO PROVIDE OPERATION AND MAINTENANCE,  SYSTEM ADMINISTRATION, SHAREPOINT",https://www.usaspending.gov/award/CONT_AWD_693JJ621F000034_6930_693JJ319A000016_6925,2026-09-25T12:38:19.046Z
15JPSS22F00000634,FORFEITURE SUPPORT ASSOCIATES LLC,KJV1FNRCA649,Department of Justice,"Offices, Boards and Divisions",30019991.23,26226256.1,DELIVERY ORDER,541199,ALL OTHER LEGAL SERVICES,R418,SUPPORT- PROFESSIONAL: LEGAL,VA,UNITED STATES,2022-10-01,2026-12-31,FY23 EOUSA ORDER 0651,https://www.usaspending.gov/award/CONT_AWD_15JPSS22F00000634_1501_15JPSS20D00000271_1501,2026-09-25T12:38:19.046Z
15JPSS22F00000653,FORFEITURE SUPPORT ASSOCIATES LLC,KJV1FNRCA649,Department of Justice,"Offices, Boards and Divisions",29851196.43,26560339.69,DELIVERY ORDER,541199,ALL OTHER LEGAL SERVICES,R418,SUPPORT- PROFESSIONAL: LEGAL,VA,UNITED STATES,2022-10-01,2026-12-31,FY23 DO 657,https://www.usaspending.gov/award/CONT_AWD_15JPSS22F00000653_1501_15JPSS20D00000271_1501,2026-09-25T12:38:19.046Z
24322622C0003,"KAIYUH INFORMATION TECHNOLOGIES, LLC",YK5XT6LG6M98,Office of Personnel Management,Office of Personnel Management,29746048.48,29746048.45,DEFINITIVE CONTRACT,541513,COMPUTER FACILITIES MANAGEMENT SERVICES,DG01,IT AND TELECOM - NETWORK SUPPORT SERVICES (LABOR),DC,UNITED STATES,2022-04-04,2026-09-22,EIS NETWORK OPERATIONS SUPPORT,https://www.usaspending.gov/award/CONT_AWD_24322622C0003_2400_-NONE-_-NONE-,2026-09-25T12:38:19.046Z
12760422F0375,GUIDEHOUSE DIGITAL LLC,WKMCZLH1KJM4,Department of Agriculture,Forest Service,29745323.08,22929884.16,BPA CALL,541511,CUSTOM COMPUTER PROGRAMMING SERVICES,DF01,IT AND TELECOM - IT MANAGEMENT SUPPORT SERVICES (LABOR),VA,UNITED STATES,2022-09-19,2027-09-30,AWARD - NRM INFORMATION TECHNOLOGY SUPPORT SERVICES FOR APPLICATION SUPPORT AND MAINTENANCE.,https://www.usaspending.gov/award/CONT_AWD_12760422F0375_12C2_12760420A0004_12C2,2026-09-25T12:38:19.046Z
75D30122F00001,KAISER FOUNDATION HOSPITALS,P1RTMASB37B5,Department of Health and Human Services,Centers for Disease Control and Prevention,29702854.6,19610982.15,DELIVERY ORDER,541990,"ALL OTHER PROFESSIONAL, SCIENTIFIC, AND TECHNICAL SERVICES",R499,SUPPORT- PROFESSIONAL: OTHER,CA,UNITED STATES,2022-09-28,2027-09-27,VACCINE SAFETY DATALINK,https://www.usaspending.gov/award/CONT_AWD_75D30122F00001_7523_75D30122D15429_7523,2026-09-25T12:38:19.046Z
70LART23CPFB00001,THE NEW MEXICO COMMISION FOR BLIND,SRANJJSMUUR7,Department of Homeland Security,Federal Law Enforcement Training Center,29604233.96,23511408.76,DEFINITIVE CONTRACT,722310,FOOD SERVICE CONTRACTORS,S203,HOUSEKEEPING- FOOD,NM,UNITED STATES,2023-10-01,2031-09-30,"FOOD SERVICES, ARTESIA, NEW MEXICO",https://www.usaspending.gov/award/CONT_AWD_70LART23CPFB00001_7015_-NONE-_-NONE-,2026-09-25T12:38:19.046Z
1202SA24K9120,"NEPTUNE AVIATION SERVICES, INC.",XL62ZMCVAJQ7,Department of Agriculture,Forest Service,29576174.62,23385912.71,DELIVERY ORDER,481212,NONSCHEDULED CHARTERED FREIGHT AIR TRANSPORTATION,F003,NATURAL RESOURCES/CONSERVATION- FOREST-RANGE FIRE SUPPRESSION/PRESUPPRESSION,ID,UNITED STATES,2024-05-17,2026-12-31,NEPTUNE - AIRTANKER MATCO 2023 EXCLUSIVE USE TASK ORDER 160 DAY MAP,https://www.usaspending.gov/award/CONT_AWD_1202SA24K9120_12C2_1202SA23T9104_12C2,2026-09-25T12:38:19.046Z
89233125FNA400662,TECHNOMICS INC,LU9TXLBPMQD7,Department of Energy,Department of Energy,29506677.41,22267424.58,DELIVERY ORDER,541330,ENGINEERING SERVICES,B506,SPECIAL STUDIES/ANALYSIS- DATA (OTHER THAN SCIENTIFIC),DC,UNITED STATES,2024-12-05,2026-12-01,TEP III ORDER TO PROVIDE TECHNICAL SUPPORT TO THE NNSA.,https://www.usaspending.gov/award/CONT_AWD_89233125FNA400662_8900_GS00F103DA_4732,2026-09-25T12:38:19.046Z
19AQMM24F0407,"NAKUPUNA SOLUTIONS, LLC",V4GVJZF4S263,Department of State,Department of State,29488042.64,0,DELIVERY ORDER,541611,ADMINISTRATIVE MANAGEMENT AND GENERAL MANAGEMENT CONSULTING SERVICES,R707,SUPPORT- MANAGEMENT: CONTRACT/PROCUREMENT/ACQUISITION SUPPORT,VA,UNITED STATES,2024-04-01,2027-03-31,STAFFING SUPPORT FOR THE BUREAU OF GLOBAL HEALTH SECURITY AND DIPLOMACY GHSD,https://www.usaspending.gov/award/CONT_AWD_19AQMM24F0407_1900_19AQMM20D0004_1900,2026-09-25T12:38:19.046Z
75FCMC18F0087,BOOZ ALLEN HAMILTON INC,JCBMLGPE6Z71,Department of Health and Human Services,Centers for Medicare and Medicaid Services,29461922.71,16025441.74,DELIVERY ORDER,541611,ADMINISTRATIVE MANAGEMENT AND GENERAL MANAGEMENT CONSULTING SERVICES,R499,SUPPORT- PROFESSIONAL: OTHER,VA,UNITED STATES,2018-09-30,2028-03-29,IGF::OT::IGF TASK ORDER AWARD,https://www.usaspending.gov/award/CONT_AWD_75FCMC18F0087_7530_GS00F008DA_4732,2026-09-25T12:38:19.046Z
1202SA24K9122,"AERO-FLITE, INC.",QLPVYV6GY874,Department of Agriculture,Forest Service,29432912.44,22355451.87,DELIVERY ORDER,481212,NONSCHEDULED CHARTERED FREIGHT AIR TRANSPORTATION,F003,NATURAL RESOURCES/CONSERVATION- FOREST-RANGE FIRE SUPPRESSION/PRESUPPRESSION,ID,UNITED STATES,2024-05-17,2026-12-31,AERO FLITE - AIRTANKER MATCO 2023 EXCLUSIVE USE TASK ORDER 160 DAY MAP,https://www.usaspending.gov/award/CONT_AWD_1202SA24K9122_12C2_1202SA23T9102_12C2,2026-09-25T12:38:19.046Z
75N93020C00054,THE LELAND STANFORD JUNIOR UNIVERSITY,HJD6G4D6TJY5,Department of Health and Human Services,National Institutes of Health,29419842.43,18111161.94,DEFINITIVE CONTRACT,541715,"RESEARCH AND DEVELOPMENT IN THE PHYSICAL, ENGINEERING, AND LIFE SCIENCES (EXCEPT NANOTECHNOLOGY AND BIOTECHNOLOGY)",AJ12,GENERAL SCIENCE AND TECHNOLOGY R&D SERVICES; GENERAL SCIENCE AND TECHNOLOGY; APPLIED RESEARCH,CA,UNITED STATES,2020-09-01,2030-05-31,COVID-19. TO DEVELOP SMALL SYNTHETIC CHEMICAL MOLECULES AS BROADLY ACTIVE ANTIVIRAL FOR THE TREATMENT OF VIRAL INFECTIONS.,https://www.usaspending.gov/award/CONT_AWD_75N93020C00054_7529_-NONE-_-NONE-,2026-09-25T12:38:19.046Z
1202SA24K9119,"AERO-FLITE, INC.",QLPVYV6GY874,Department of Agriculture,Forest Service,29284763.97,23017181.11,DELIVERY ORDER,481212,NONSCHEDULED CHARTERED FREIGHT AIR TRANSPORTATION,F003,NATURAL RESOURCES/CONSERVATION- FOREST-RANGE FIRE SUPPRESSION/PRESUPPRESSION,ID,UNITED STATES,2024-05-17,2026-12-31,AERO FLITE - AIRTANKER MATCO 2023 EXCLUSIVE USE TASK ORDER 160 DAY MAP,https://www.usaspending.gov/award/CONT_AWD_1202SA24K9119_12C2_1202SA23T9102_12C2,2026-09-25T12:38:19.046Z
1202SA24K9121,"NEPTUNE AVIATION SERVICES, INC.",XL62ZMCVAJQ7,Department of Agriculture,Forest Service,29237493.97,22285843.06,DELIVERY ORDER,481212,NONSCHEDULED CHARTERED FREIGHT AIR TRANSPORTATION,F003,NATURAL RESOURCES/CONSERVATION- FOREST-RANGE FIRE SUPPRESSION/PRESUPPRESSION,ID,UNITED STATES,2024-05-17,2026-12-31,NEPTUNE - AIRTANKER MATCO 2023 EXCLUSIVE USE TASK ORDER 160 DAY MAP,https://www.usaspending.gov/award/CONT_AWD_1202SA24K9121_12C2_1202SA23T9104_12C2,2026-09-25T12:38:19.046Z
75N99024F00001,AG JV,Y434LKXQF9M4,Department of Health and Human Services,National Institutes of Health,28851709,17426521,DELIVERY ORDER,236220,COMMERCIAL AND INSTITUTIONAL BUILDING CONSTRUCTION,Y1JZ,CONSTRUCTION OF MISCELLANEOUS BUILDINGS,MD,UNITED STATES,2024-08-29,2027-08-09,C104573 - REPLACEMENT OF STEAM & CHILLED H2O IN TUNNEL FR VV 2 TO VV 31C (CONSTRUCTION) - AMIR ABDELSALAM,https://www.usaspending.gov/award/CONT_AWD_75N99024F00001_7529_75N99019D00017_7529,2026-09-25T12:38:19.046Z
47QFHA26F0005,BOOZ ALLEN HAMILTON INC,JCBMLGPE6Z71,General Services Administration,Federal Acquisition Service,28668941.79,,DELIVERY ORDER,541611,ADMINISTRATIVE MANAGEMENT AND GENERAL MANAGEMENT CONSULTING SERVICES,R499,SUPPORT- PROFESSIONAL: OTHER,DC,UNITED STATES,2026-09-15,2027-03-14,OFFICE OF UNDERSECRETARY OF WAR - DATA ANALYTICS AND ARTIFICIAL INTELLIGENCE 2.0,https://www.usaspending.gov/award/CONT_AWD_47QFHA26F0005_4732_47QFHA24D0005_4732,2026-09-25T12:38:19.046Z
70T03020F3LCIO006,GUIDEHOUSE DIGITAL LLC,WKMCZLH1KJM4,Department of Homeland Security,Transportation Security Administration,28530872.8,10746721.85,DELIVERY ORDER,541512,COMPUTER SYSTEMS DESIGN SERVICES,D302,IT AND TELECOM- SYSTEMS DEVELOPMENT,VA,UNITED STATES,2020-05-08,2024-11-07,FLEXIBLE AGILE SCALABLE TEAM-OPERATIONS SUPPORT PORTFOLIO,https://www.usaspending.gov/award/CONT_AWD_70T03020F3LCIO006_7013_47QTCK18D0024_4732,2026-09-25T12:38:19.046Z
80NM0018F0638,CALIFORNIA INSTITUTE OF TECHNOLOGY,YC1YP79BFD19,National Aeronautics and Space Administration,National Aeronautics and Space Administration,28348195.39,25449434.56,DELIVERY ORDER,541715,"RESEARCH AND DEVELOPMENT IN THE PHYSICAL, ENGINEERING, AND LIFE SCIENCES (EXCEPT NANOTECHNOLOGY AND BIOTECHNOLOGY)",AR22,R&D- SPACE: SCIENCE/APPLICATIONS (APPLIED RESEARCH/EXPLORATORY DEVELOPMENT),CA,UNITED STATES,2018-10-01,2026-11-30,EARTH THEMATIC COMMUNICATIONS 89-19549,https://www.usaspending.gov/award/CONT_AWD_80NM0018F0638_8000_80NM0018D0004_8000,2026-09-25T12:38:19.046Z
1202SA24K9129,"AERO AIR, LLC",LUP6L35Y7D36,Department of Agriculture,Forest Service,28245578.06,19790912.66,DELIVERY ORDER,481212,NONSCHEDULED CHARTERED FREIGHT AIR TRANSPORTATION,F003,NATURAL RESOURCES/CONSERVATION- FOREST-RANGE FIRE SUPPRESSION/PRESUPPRESSION,ID,UNITED STATES,2024-07-06,2026-12-31,AERO AIR - AIRTANKER MATOC EXCLUSIVE USE TASK ORDER - 120 DAY MAP,https://www.usaspending.gov/award/CONT_AWD_1202SA24K9129_12C2_1202SA23T9101_12C2,2026-09-25T12:38:19.046Z
75D30122C15187,ICAHN SCHOOL OF MEDICINE AT MOUNT SINAI,C8H9CNG1VBD9,Department of Health and Human Services,Centers for Disease Control and Prevention,28236623.63,20762644.31,DEFINITIVE CONTRACT,923120,ADMINISTRATION OF PUBLIC HEALTH PROGRAMS,R499,SUPPORT- PROFESSIONAL: OTHER,NY,UNITED STATES,2022-09-29,2027-08-31,DATA CENTER 2 - ISMMS,https://www.usaspending.gov/award/CONT_AWD_75D30122C15187_7523_-NONE-_-NONE-,2026-09-25T12:38:19.046Z
47PA0725F0001,"WGL ENERGY SERVICES, INC.",XYMTKCCKBQD7,General Services Administration,Public Buildings Service,28171702.41,0,DELIVERY ORDER,221122,ELECTRIC POWER DISTRIBUTION,S112,UTILITIES- ELECTRIC,VA,UNITED STATES,2024-07-01,2026-10-31,TRANSACTION MANAGER SERVICES JULY TO SEPTEMBER 2024 - MANAGING RENEWABLE ENERGY CREDITS AND ELECTRICITY SUPPLY FOR THE NATIONAL CAPITAL REGION,https://www.usaspending.gov/award/CONT_AWD_47PA0725F0001_4740_47PA0723D0027_4740,2026-09-25T12:38:19.046Z
2032H525F00221,VIBRANTECH SOLUTIONS INC.,W6G5J8F8ETH7,Department of the Treasury,Internal Revenue Service,28118577.8,9962150.85,BPA CALL,541511,CUSTOM COMPUTER PROGRAMMING SERVICES,DA01,IT AND TELECOM - BUSINESS APPLICATION/APPLICATION DEVELOPMENT SUPPORT SERVICES (LABOR),VA,UNITED STATES,2025-09-30,2027-09-29,ENTERPRISE CASE MANAGEMENT SOLUTION DEVELOPMENT SERVICES. ANALYZE THE CURRENT CASE MANAGEMENT ORGANIZATIONS PROCESSES WITHIN IRS.,https://www.usaspending.gov/award/CONT_AWD_2032H525F00221_2050_2032H525A00021_2050,2026-09-25T12:38:19.046Z
SAQMMA14C0023,"ANNUM ARCHITECTS, INC.",NGKGD6G85EN3,Department of State,Department of State,27998552.38,0,DEFINITIVE CONTRACT,541330,ENGINEERING SERVICES,C219,ARCHITECT AND ENGINEERING- GENERAL: OTHER,,GREECE,2014-06-12,2027-10-16,IGF::OT::IGF DESIGN SERVICE,https://www.usaspending.gov/award/CONT_AWD_SAQMMA14C0023_1900_-NONE-_-NONE-,2026-09-25T12:38:19.046Z
19AQMM24F0639,TUVLI LLC,LGYKTQFA4BR5,Department of State,Department of State,27700179.41,0,DELIVERY ORDER,541512,COMPUTER SYSTEMS DESIGN SERVICES,DA01,IT AND TELECOM - BUSINESS APPLICATION/APPLICATION DEVELOPMENT SUPPORT SERVICES (LABOR),VA,UNITED STATES,2025-03-29,2027-03-28,INFORMATION TECHNOLOGY SUPPORT SERVICES,https://www.usaspending.gov/award/CONT_AWD_19AQMM24F0639_1900_47QTCB21D0359_4732,2026-09-25T12:38:19.046Z
70B04C22F00000130,"LUMEN TECHNOLOGIES GOVERNMENT SOLUTIONS, INC.",LL22S1ELLY93,Department of Homeland Security,U.S. Customs and Border Protection,27650285.92,12027524.93,DELIVERY ORDER,517110,WIRED TELECOMMUNICATIONS CARRIERS,7H20,"IT AND TELECOM - PLATFORM PRODUCTS: DATABASE, MAINFRAME, MIDDLEWARE (HW, PERPETUAL LICENSE SOFTWARE)",CO,UNITED STATES,2022-04-18,2027-04-30,PRIMARY IPS & OTHER NETWORK RELATED SERVICES,https://www.usaspending.gov/award/CONT_AWD_70B04C22F00000130_7014_GS00Q17NSD3006_4732,2026-09-25T12:38:19.046Z
HHSN273201400017C,"BURLESON RESEARCH TECHNOLOGIES, INC.",FFAKB7DWDVK1,Department of Health and Human Services,National Institutes of Health,27505877.98,9231763.18,DEFINITIVE CONTRACT,541712,"RESEARCH AND DEVELOPMENT IN THE PHYSICAL, ENGINEERING, AND LIFE SCIENCES (EXCEPT BIOTECHNOLOGY)",AZ11,R&D- OTHER RESEARCH AND DEVELOPMENT (BASIC RESEARCH),NC,UNITED STATES,2014-08-13,2026-02-12,IGF::CL::IGF R&D STUDIES TO EVALUATE THE POTENTIAL FOR ENVIRONMENTAL&THERAPEUTIC AGENTS TO INDUCE IMMUNOTOXICITY,https://www.usaspending.gov/award/CONT_AWD_HHSN273201400017C_7529_-NONE-_-NONE-,2026-09-25T12:38:19.046Z
75ACF123F80037,"ZOLON PCS, LLC",WD2WSTSJWTQ7,Department of Health and Human Services,Office of the Assistant Secretary for Financial Resources,27431165.9,17915013.19,DELIVERY ORDER,541519,OTHER COMPUTER RELATED SERVICES,DA10,IT AND TELECOM - BUSINESS APPLICATION/APPLICATION DEVELOPMENT SOFTWARE AS A SERVICE,VA,UNITED STATES,2023-09-30,2027-03-24,OCIO OPERATIONS AND MAINTENANCE SUPPORT SERVICES,https://www.usaspending.gov/award/CONT_AWD_75ACF123F80037_7590_47QTCA19D00F2_4732,2026-09-25T12:38:19.046Z
1605JW24F00002,CAREER SYSTEMS DEVELOPMENT CORPORATION,V6JEP5H4PGM8,Department of Labor,Office of the Assistant Secretary for Administration and Management,27168154.07,20500545.73,DELIVERY ORDER,611519,OTHER TECHNICAL AND TRADE SCHOOLS,U006,EDUCATION/TRAINING- VOCATIONAL/TECHNICAL,NM,UNITED STATES,2024-02-15,2027-02-28,OPERATIONS OF THE ROSWELL JOB CORPS CENTER WITH OA & CTS,https://www.usaspending.gov/award/CONT_AWD_1605JW24F00002_1605_1605JE22D0012_1605,2026-09-25T12:38:19.046Z
16PBGC20M0018,DELOITTE & TOUCHE LLP,F9KSDU7L9VP6,Pension Benefit Guaranty Corporation,Pension Benefit Guaranty Corporation,27158564.17,21186066.61,BPA CALL,541519,OTHER COMPUTER RELATED SERVICES,B547,SPECIAL STUDIES/ANALYSIS- ACCOUNTING/FINANCIAL MANAGEMENT,DC,UNITED STATES,2020-09-30,2025-09-29,PROFESSIONAL DATA COLLECTION SERVICES,https://www.usaspending.gov/award/CONT_AWD_16PBGC20M0018_1665_PBGC01BP160008_1665,2026-09-25T12:38:19.046Z
140P2024C0070,"PAULSEN CONSTRUCTION, LLC",VKBQML5FNT93,Department of the Interior,National Park Service,27157682.1,10606340.6,DEFINITIVE CONTRACT,236220,COMMERCIAL AND INSTITUTIONAL BUILDING CONSTRUCTION,Z2QA,REPAIR OR ALTERATION OF RESTORATION OF REAL PROPERTY (PUBLIC OR PRIVATE),WY,UNITED STATES,2024-09-18,2027-02-18,YELL 312116 LAUREL DORM REHABILITATION,https://www.usaspending.gov/award/CONT_AWD_140P2024C0070_1443_-NONE-_-NONE-,2026-09-25T12:38:19.046Z
15JPSS21F00000236,BREAKFORTH SOLUTIONS INCORPORATED,KZ9CT72YM1B2,Department of Justice,"Offices, Boards and Divisions",26941135.21,71898006.06,DELIVERY ORDER,541611,ADMINISTRATIVE MANAGEMENT AND GENERAL MANAGEMENT CONSULTING SERVICES,R499,SUPPORT- PROFESSIONAL: OTHER,VA,UNITED STATES,2021-02-01,2027-01-31,"PROGRAM, PROJECT, AND ACTIVITY (PPA) MANAGEMENT SUPPORT OFFICE OF THE CHIEF INFORMATION OFFICER",https://www.usaspending.gov/award/CONT_AWD_15JPSS21F00000236_1501_47QRAA19D00CJ_4732,2026-09-25T12:38:19.046Z
47QFMA26F0003,PERATON INC.,ZBPQEJVECCT4,General Services Administration,Federal Acquisition Service,26746620.05,,BPA CALL,541511,CUSTOM COMPUTER PROGRAMMING SERVICES,DA01,IT AND TELECOM - BUSINESS APPLICATION/APPLICATION DEVELOPMENT SUPPORT SERVICES (LABOR),CA,UNITED STATES,2025-11-01,2027-07-31,DEHRADS ORDER 5 DEFENSE TRAVEL SYSTEM (DTS) RECOMPETE,https://www.usaspending.gov/award/CONT_AWD_47QFMA26F0003_4732_47QFMA24A0012_4732,2026-09-25T12:38:19.046Z
PBGC01CT150041,LOS ANGELES CAPITAL MANAGEMENT LLC,SLLSJXPB91J9,Pension Benefit Guaranty Corporation,Pension Benefit Guaranty Corporation,26702172.38,8903198.33,DEFINITIVE CONTRACT,523920,PORTFOLIO MANAGEMENT,R710,SUPPORT- MANAGEMENT: FINANCIAL,DC,UNITED STATES,2015-09-30,2026-03-29,IGF::OT::IGF,https://www.usaspending.gov/award/CONT_AWD_PBGC01CT150041_1665_-NONE-_-NONE-,2026-09-25T12:38:19.046Z
70T05021F5900N036,AVIATION SECURITY MANAGEMENT LLC,Z6CKDZ1ME329,Department of Homeland Security,Transportation Security Administration,26608223.37,15167709.9,DELIVERY ORDER,561612,SECURITY GUARDS AND PATROL SERVICES,S206,HOUSEKEEPING- GUARD,SD,UNITED STATES,2021-10-01,2027-03-30,"COMPREHENSIVE SECURITY SCREENING SERVICES SIOUX FALLS REGIONAL AIRPORT (FSD) IN SIOUX FALLS, SOUTH DAKOTA",https://www.usaspending.gov/award/CONT_AWD_70T05021F5900N036_7013_HSTS0516DSPP902_7013,2026-09-25T12:38:19.046Z
15M10422FA4700005,NEXTGEN FEDERAL SYSTEMS LLC,N1M7HLLHNSU9,Department of Justice,U.S. Marshals Service,26544382.13,9649452.78,DELIVERY ORDER,541330,ENGINEERING SERVICES,R499,SUPPORT- PROFESSIONAL: OTHER,WV,UNITED STATES,2022-04-01,2027-03-31,EO14042  AWARD A BASE YEAR WITH FIVE OPTIONS FOR OST CONTRACTOR SERVICES.,https://www.usaspending.gov/award/CONT_AWD_15M10422FA4700005_1544_47QRAD20D1206_4732,2026-09-25T12:38:19.046Z
HHSN273201700005C,BATTELLE MEMORIAL INSTITUTE,ZFX8JGFQ89F4,Department of Health and Human Services,National Institutes of Health,26443297.13,14073633.41,DEFINITIVE CONTRACT,541712,"RESEARCH AND DEVELOPMENT IN THE PHYSICAL, ENGINEERING, AND LIFE SCIENCES (EXCEPT BIOTECHNOLOGY)",AZ11,R&D- OTHER RESEARCH AND DEVELOPMENT (BASIC RESEARCH),OH,UNITED STATES,2017-09-20,2025-09-25,IGF::OT::IGF - AWARD: SUPPORT FOR THE CONDUCT OF STUDIES TO EVALUATE THE TOXICOLOGIC POTENTIAL OF SELECT TEST AGENTS FOR THE NATIONAL TOXICOLOGY PROGRAM (NTP),https://www.usaspending.gov/award/CONT_AWD_HHSN273201700005C_7529_-NONE-_-NONE-,2026-09-25T12:38:19.046Z
70RDAD23FR0000145,"FCN, INC.",JEANDJTZ8HJ3,Department of Homeland Security,Office of Procurement Operations,26400272.12,18973476.79,DELIVERY ORDER,541519,OTHER COMPUTER RELATED SERVICES,7A21,IT AND TELECOM - BUSINESS APPLICATION SOFTWARE (PERPETUAL LICENSE SOFTWARE),MD,UNITED STATES,2023-09-30,2026-09-29,"RECOMPETE THIS FIRM FIXED PRICE AWARD IS TO PROCURE TIBCO LICENSE AGREEMENT TO SUPPORT MAINTENANCE AND UPGRADES TO THE TIBCO IMPLEMENTATION WITHIN THE IDENT SYSTEM AND NONPRODUCTION ENVIRONMENTS, RENEWAL IN ACCORDANCE WITH THE ENCLOSED STATEMENT OF W",https://www.usaspending.gov/award/CONT_AWD_70RDAD23FR0000145_7001_NNG15SC71B_8000,2026-09-25T12:38:19.046Z
12314422C0062,"MELWOOD HORTICULTURAL TRAINING CENTER, INC.",ZVX7ZJ5WZ576,Department of Agriculture,Office of the Chief Financial Officer,26340986.41,19760942.74,DEFINITIVE CONTRACT,561210,FACILITIES SUPPORT SERVICES,S201,HOUSEKEEPING- CUSTODIAL JANITORIAL,DC,UNITED STATES,2022-09-22,2027-09-30,COMMERCIAL FACILITY MANAGEMENT SERVICES DESCRIBED HEREIN AT THE U.S. DEPARTMENT OF AGRICULTURES (USDA) GEORGE WASHINGTON CARVER AND HEADQUARTERS.,https://www.usaspending.gov/award/CONT_AWD_12314422C0062_1205_-NONE-_-NONE-,2026-09-25T12:38:19.046Z
80KSC026F7015,"HEALTHEON, INC",YNMQH3WNRBN5,National Aeronautics and Space Administration,National Aeronautics and Space Administration,26339570.13,0,DELIVERY ORDER,236210,INDUSTRIAL BUILDING CONSTRUCTION,Z2EZ,REPAIR OR ALTERATION OF OTHER INDUSTRIAL BUILDINGS,FL,UNITED STATES,2026-05-08,2031-03-06,REPLACEMENT OF LOAD BREAK SWITCHES AND VACUUM FAULT INTERRUPTERS THROUGHOUT KENNEDY SPACE CENTER.,https://www.usaspending.gov/award/CONT_AWD_80KSC026F7015_8000_80SSC018D0005_8000,2026-09-25T12:38:19.046Z
15F06726F0000362,INTELLIWARE SYSTEMS INC,QBY7KHBKL6E7,Department of Justice,Federal Bureau of Investigation,26292143.6,352167.7,DELIVERY ORDER,541611,ADMINISTRATIVE MANAGEMENT AND GENERAL MANAGEMENT CONSULTING SERVICES,R408,SUPPORT- PROFESSIONAL: PROGRAM MANAGEMENT/SUPPORT,VA,UNITED STATES,2026-04-01,2027-03-31,TSC INTELLIGENCE ANALYSIS SERVICES,https://www.usaspending.gov/award/CONT_AWD_15F06726F0000362_1549_GS10F0473Y_4732,2026-09-25T12:38:19.046Z
80JSC023FA010,"S&K ENGINEERING AND RESEARCH, LLC",QUJXWLY1RMP1,National Aeronautics and Space Administration,National Aeronautics and Space Administration,26229510.73,22806074.22,DELIVERY ORDER,541330,ENGINEERING SERVICES,DA01,IT AND TELECOM - BUSINESS APPLICATION/APPLICATION DEVELOPMENT SUPPORT SERVICES (LABOR),MT,UNITED STATES,2023-01-01,2027-12-31,ENGINEERING SERVICES,https://www.usaspending.gov/award/CONT_AWD_80JSC023FA010_8000_47QRAD20D8123_4732,2026-09-25T12:38:19.046Z
15JPSS22F00000719,FORFEITURE SUPPORT ASSOCIATES LLC,KJV1FNRCA649,Department of Justice,"Offices, Boards and Divisions",26002455.84,21455782.16,DELIVERY ORDER,541199,ALL OTHER LEGAL SERVICES,R699,SUPPORT- ADMINISTRATIVE: OTHER,VA,UNITED STATES,2022-10-01,2026-12-31,FY23 AFASS JCRM,https://www.usaspending.gov/award/CONT_AWD_15JPSS22F00000719_1501_15JPSS20D00000271_1501,2026-09-25T12:38:19.046Z
HHSN272201700082C,THOMAS JEFFERSON UNIVERSITY,R8JEVL4ULGB7,Department of Health and Human Services,National Institutes of Health,25993792.86,12113127.54,DEFINITIVE CONTRACT,541712,"RESEARCH AND DEVELOPMENT IN THE PHYSICAL, ENGINEERING, AND LIFE SCIENCES (EXCEPT BIOTECHNOLOGY)",AN12,HEALTH R&D SERVICES; HEALTH CARE SERVICES; APPLIED RESEARCH,PA,UNITED STATES,2017-08-31,2027-01-31,IGF::OT::IGF ADVANCED DEVELOPMENT OF MULTIVALENT VACCINE CANDIDATES FOR FILOVIRUS AND LASSA FEVER,https://www.usaspending.gov/award/CONT_AWD_HHSN272201700082C_7529_-NONE-_-NONE-,2026-09-25T12:38:19.046Z
70CTD026FC0000048,CYNERGY PROFESSIONAL SYSTEMS LLC,GK55J77VGN84,Department of Homeland Security,U.S. Immigration and Customs Enforcement,25860272.79,,BPA CALL,541519,OTHER COMPUTER RELATED SERVICES,5820,"RADIO AND TELEVISION COMMUNICATION EQUIPMENT, EXCEPT AIRBORNE",VA,UNITED STATES,2026-09-22,2028-03-01,THIS AWARD PROVIDES MOBILE TACTICAL COMMUNICATION RADIOS AND BATTERIES FOR ICE AGENTS AND FIELD OPERATIVES FOR ON-GOING ICE MISSIONS.,https://www.usaspending.gov/award/CONT_AWD_70CTD026FC0000048_7012_70CTD026A00000001_7012,2026-09-25T12:38:19.046Z
1305M424F0020,"GENERAL DYNAMICS INFORMATION TECHNOLOGY, INC.",SMNWM6HN79X5,Department of Commerce,National Oceanic and Atmospheric Administration,25833777.63,21380369.43,DELIVERY ORDER,541512,COMPUTER SYSTEMS DESIGN SERVICES,7B20,IT AND TELECOM - HIGH PERFORMANCE COMPUTE (HARDWARE AND PERPETUAL LICENSE SOFTWARE),WV,UNITED STATES,2024-01-30,2030-07-22,TO-39 RDHPCS NESCC COMPUTE AND FILESYSTEMS UPDATE,https://www.usaspending.gov/award/CONT_AWD_1305M424F0020_1330_DOCST133018CQ0073_1330,2026-09-25T12:38:19.046Z
15JPSS22F00000677,FORFEITURE SUPPORT ASSOCIATES LLC,KJV1FNRCA649,Department of Justice,"Offices, Boards and Divisions",25727138.93,23054584.02,DELIVERY ORDER,541199,ALL OTHER LEGAL SERVICES,R418,SUPPORT- PROFESSIONAL: LEGAL,VA,UNITED STATES,2022-10-01,2026-09-30,FY23 EOUSA ORDER 0643,https://www.usaspending.gov/award/CONT_AWD_15JPSS22F00000677_1501_15JPSS20D00000271_1501,2026-09-25T12:38:19.046Z
89243124CSC000170,SIMMONS & GOLDEN SECURITY LLC,KKWALQKX5A67,Department of Energy,Department of Energy,25591925.29,19297911.88,DEFINITIVE CONTRACT,561612,SECURITY GUARDS AND PATROL SERVICES,R430,SUPPORT- PROFESSIONAL: PHYSICAL SECURITY AND BADGING,TN,UNITED STATES,2024-07-02,2027-07-07,PROTECTIVE FORCE SECURITY SERVICES,https://www.usaspending.gov/award/CONT_AWD_89243124CSC000170_8900_-NONE-_-NONE-,2026-09-25T12:38:19.046Z
70SBUR26F00000203,BRIDGEPHASE LLC,E2G7MJ4TJBM4,Department of Homeland Security,U.S. Citizenship and Immigration Services,25507636.52,,DELIVERY ORDER,541511,CUSTOM COMPUTER PROGRAMMING SERVICES,DA01,IT AND TELECOM - BUSINESS APPLICATION/APPLICATION DEVELOPMENT SUPPORT SERVICES (LABOR),VA,UNITED STATES,2026-09-25,2027-05-24,"TASK ORDER AWARD FOR OUTCOME-BASED DELIVERY AND DEVELOPMENT SECURITY OPERATIONS (DEVSECOPS) SERVICES (ODOS) 3.1 DEVSECOPS AND USER EXPERIENCE DESIGN/USER INTERFACE DESIGN (UXD/IXD) SERVICES FOR U.S. CITIZENSHIP AND IMMIGRATION SERVICES (USCIS), OFFIC",https://www.usaspending.gov/award/CONT_AWD_70SBUR26F00000203_7003_GS35F687GA_4732,2026-09-25T12:38:19.046Z
70CTD023FR0000129,DEV TECHNOLOGY GROUP INC,EBHPGDLGQLB5,Department of Homeland Security,U.S. Immigration and Customs Enforcement,24917890.8,12997126.12,DELIVERY ORDER,541519,OTHER COMPUTER RELATED SERVICES,DA01,IT AND TELECOM - BUSINESS APPLICATION/APPLICATION DEVELOPMENT SUPPORT SERVICES (LABOR),DC,UNITED STATES,2023-09-30,2027-09-30,HOMELAND SECURITY INVESTIGATIONS (HSI) COLLABORATIVE SERVICES SUPPORT TASK ORDER,https://www.usaspending.gov/award/CONT_AWD_70CTD023FR0000129_7012_70CTD022D00000010_7012,2026-09-25T12:38:19.046Z
2032H824F00158,SUVI GLOBAL SERVICES LLC,L41KVW5HYLA7,Department of the Treasury,Internal Revenue Service,24577937.69,14884668.94,DELIVERY ORDER,541512,COMPUTER SYSTEMS DESIGN SERVICES,R423,SUPPORT- PROFESSIONAL: INTELLIGENCE,VA,UNITED STATES,2024-09-30,2027-09-29,CRIMINAL INVESTIGATION (CI) DIVISION TASK ORDER FOR INVESTIGATIVE CASE SUPPORT AND DATA EXPLOITATION,https://www.usaspending.gov/award/CONT_AWD_2032H824F00158_2050_47QTCB22D0275_4732,2026-09-25T12:38:19.046Z
VA101CFMP0002,STANTEC/AECOM LLC,JYLGYRMWJ5V3,Department of Veterans Affairs,Department of Veterans Affairs,24510576,1198791.27,DEFINITIVE CONTRACT,541310,ARCHITECTURAL SERVICES,C114,HOSPITAL BUILDINGS,FL,UNITED STATES,2008-09-30,2026-10-31,"AE CONTRACT - DESIGN FOR INPATIENT/OUTPATIENT IMPROVEMENTS, VAMC BAY PINES, FL",https://www.usaspending.gov/award/CONT_AWD_VA101CFMP0002_3600_-NONE-_-NONE-,2026-09-25T12:38:19.046Z
33330224CF0010385,"WHITING-TURNER CONTRACTING COMPANY, THE",VEP4UN7LDMK5,Smithsonian Institution,Smithsonian Institution,24427682,,DEFINITIVE CONTRACT,236220,COMMERCIAL AND INSTITUTIONAL BUILDING CONSTRUCTION,Y1JA,CONSTRUCTION OF MUSEUMS AND EXHIBITION BUILDINGS,DC,UNITED STATES,2024-08-22,2026-10-28,NZP-DC RENEW CHEETAH CONSERVATION STATION AFRICA TRAIL (CCS-AT),https://www.usaspending.gov/award/CONT_AWD_33330224CF0010385_3300_-NONE-_-NONE-,2026-09-25T12:38:19.046Z
693KA921F00008,SPATIAL FRONT INC,J1ADW6BL8MN5,Department of Transportation,Federal Aviation Administration,24407115.72,22695779.09,BPA CALL,541519,OTHER COMPUTER RELATED SERVICES,R499,SUPPORT- PROFESSIONAL: OTHER,VA,UNITED STATES,2020-11-03,2025-12-12,NEW TASK ORDER  DSS PORTFOLIO SERVICES,https://www.usaspending.gov/award/CONT_AWD_693KA921F00008_6920_DTFAWA11A00185_6920,2026-09-25T12:38:19.046Z
70RCSA20FR0000012,"DYNAMIS, INC.",JHXKTYRL8JB9,Department of Homeland Security,Office of Procurement Operations,24279108.19,17184880.18,DELIVERY ORDER,541612,"HUMAN RESOURCES CONSULTING SERVICES (2007), HUMAN RESOURCES AND EXECUTIVE SEARCH CONSULTING SERVICES (2002)",R499,SUPPORT- PROFESSIONAL: OTHER,VA,UNITED STATES,2020-03-31,2025-09-30,CISA EXERCISE,https://www.usaspending.gov/award/CONT_AWD_70RCSA20FR0000012_7001_GS02Q16DCR0088_4732,2026-09-25T12:38:19.046Z
24361819F0081,DIGITAL MANAGEMENT LLC,EMACGJ3EEAT5,Office of Personnel Management,Office of Personnel Management,24240932.05,14546225.8,DELIVERY ORDER,541519,OTHER COMPUTER RELATED SERVICES,D308,IT AND TELECOM- PROGRAMMING,DC,UNITED STATES,2019-08-01,2026-09-11,ENTERPRISE MAINFRAME SYSTEM SUPPORT SERVICES,https://www.usaspending.gov/award/CONT_AWD_24361819F0081_2400_GS35F0854N_4730,2026-09-25T12:38:19.046Z
80JSC022CA003,SCIENCE APPLICATIONS INTERNATIONAL CORPORATION,MMLKPW9JLX64,National Aeronautics and Space Administration,National Aeronautics and Space Administration,24159813.01,21557499.41,DEFINITIVE CONTRACT,541512,COMPUTER SYSTEMS DESIGN SERVICES,R425,SUPPORT- PROFESSIONAL: ENGINEERING/TECHNICAL,TX,UNITED STATES,2022-10-01,2027-09-30,MISSION ENABLING SERVICES CONTRACT (MESC) BASELINE A -NASA AIRCRAFT MANAGEMENT INFORMATION SYSTEM (NAMIS),https://www.usaspending.gov/award/CONT_AWD_80JSC022CA003_8000_-NONE-_-NONE-,2026-09-25T12:38:19.046Z
15PTDP19C00000001,ARLLUK TECHNOLOGY SOLUTIONS LLC,YH7RBH5GJYJ8,Department of Justice,Office of Justice Programs,24112929.8,14287539.84,DEFINITIVE CONTRACT,541511,CUSTOM COMPUTER PROGRAMMING SERVICES,D399,IT AND TELECOM- OTHER IT AND TELECOMMUNICATIONS,DC,UNITED STATES,2019-04-15,2022-08-31,PROGRAM AND PROJECT MANAGEMENT SUPPORT SERVICES.,https://www.usaspending.gov/award/CONT_AWD_15PTDP19C00000001_1550_-NONE-_-NONE-,2026-09-25T12:38:19.046Z
693JJ323F00178N,THE CADMUS GROUP LLC,WSEZME8NNBA8,Department of Transportation,Federal Highway Administration,24096467.27,17532791.2,DELIVERY ORDER,541330,ENGINEERING SERVICES,R408,SUPPORT- PROFESSIONAL: PROGRAM MANAGEMENT/SUPPORT,MA,UNITED STATES,2023-07-25,2026-09-29,RECONNECTING COMMUNITIES INSTITUTE,https://www.usaspending.gov/award/CONT_AWD_693JJ323F00178N_6925_47QRAD20DU148_4732,2026-09-25T12:38:19.046Z
80SSC025F0007,"NOVA SPACE SOLUTIONS, LLC",M22SBEVJBAV6,National Aeronautics and Space Administration,National Aeronautics and Space Administration,24054953.32,15839654.18,DELIVERY ORDER,561210,FACILITIES SUPPORT SERVICES,M1JZ,OPERATION OF MISCELLANEOUS BUILDINGS,MS,UNITED STATES,2025-07-01,2026-09-30,"COMBINED OPERATIONS, SERVICES, MAINTENANCE, AND INFRASTRUCTURE CONTRACT (COSMIC) BASE YEAR - CORE COST-PLUS INCENTIVE FEE (CPIF) FUNDING ORDER",https://www.usaspending.gov/award/CONT_AWD_80SSC025F0007_8000_80SSC025D0001_8000,2026-09-25T12:38:19.046Z
70RFPW25FRW900007,"UNIVERSAL PROTECTION SERVICE, LIMITED PARTNERSHIP",MFA2CSSMMA35,Department of Homeland Security,Office of Procurement Operations,24019641.96,15913629.73,DELIVERY ORDER,561612,SECURITY GUARDS AND PATROL SERVICES,S206,HOUSEKEEPING- GUARD,HI,UNITED STATES,2025-05-01,2029-04-30,ARMED PROTECTIVE SECURITY OFFICER (PSO) SERVICES THROUGHOUT HAWAII AND THE PACIFIC ISLANDS TASK ORDER AWARD,https://www.usaspending.gov/award/CONT_AWD_70RFPW25FRW900007_7001_70RFP224DEC000009_7001,2026-09-25T12:38:19.046Z
49100425F0017,"DIRECTVIZ SOLUTIONS, LLC",YXH4AGD2LGF5,National Science Foundation,National Science Foundation,24015884.47,15846077.09,BPA CALL,541511,CUSTOM COMPUTER PROGRAMMING SERVICES,DA01,IT AND TELECOM - BUSINESS APPLICATION/APPLICATION DEVELOPMENT SUPPORT SERVICES (LABOR),VA,UNITED STATES,2024-12-20,2027-03-31,SERVICE DESK SUPPORT BPA,https://www.usaspending.gov/award/CONT_AWD_49100425F0017_4900_49100422A0002_4900,2026-09-25T12:38:19.046Z
70RTAC26FR0000045,"AMAZON WEB SERVICES, INC.",NQEWN6C1LSU5,Department of Homeland Security,Office of Procurement Operations,23903144.57,,DELIVERY ORDER,518210,"COMPUTING INFRASTRUCTURE PROVIDERS, DATA PROCESSING, WEB HOSTING, AND RELATED SERVICES",DH10,"IT AND TELECOM - PLATFORM AS A SERVICE: DATABASE, MAINFRAME, MIDDLEWARE",VA,UNITED STATES,2026-09-01,2027-08-31,TASK ORDER FOR DEPARTMENT OF HOMELAND SECURITY ENTERPRISE CLOUD - AMAZON WEB SERVICES.,https://www.usaspending.gov/award/CONT_AWD_70RTAC26FR0000045_7001_70RTAC26D00000004_7001,2026-09-25T12:38:19.046Z
70RDA124C00000002,"NEC NATIONAL SECURITY SYSTEMS, INC",RLRZWEARX7M3,Department of Homeland Security,Office of Procurement Operations,23850000,15940893.54,DEFINITIVE CONTRACT,518210,"COMPUTING INFRASTRUCTURE PROVIDERS, DATA PROCESSING, WEB HOSTING, AND RELATED SERVICES",7A21,IT AND TELECOM - BUSINESS APPLICATION SOFTWARE (PERPETUAL LICENSE SOFTWARE),VA,UNITED STATES,2024-09-30,2027-09-29,ENTERPRISE FACIAL LICENSE O&M,https://www.usaspending.gov/award/CONT_AWD_70RDA124C00000002_7001_-NONE-_-NONE-,2026-09-25T12:38:19.046Z
80NSSC25FA952,COLSA CORP,EH2ULQUQ2KG9,National Aeronautics and Space Administration,National Aeronautics and Space Administration,23780556.08,15165191.18,DELIVERY ORDER,541611,ADMINISTRATIVE MANAGEMENT AND GENERAL MANAGEMENT CONSULTING SERVICES,R699,SUPPORT- ADMINISTRATIVE: OTHER,MS,UNITED STATES,2025-10-01,2026-09-30,NASA NTSS CONTRACT YEAR 3 TASK ORDER,https://www.usaspending.gov/award/CONT_AWD_80NSSC25FA952_8000_80NSSC23DA006_8000,2026-09-25T12:38:19.046Z
36C77026F0003,FEDERAL EXPRESS CORPORATION,EM7LMJJCF6B7,Department of Veterans Affairs,Department of Veterans Affairs,23630082.45,,DELIVERY ORDER,492110,COURIERS AND EXPRESS DELIVERY SERVICES,V112,TRANSPORTATION/TRAVEL/RELOCATION- TRANSPORTATION: MOTOR FREIGHT,AZ,UNITED STATES,2025-10-01,2026-09-30,FED EX NGDS SHIPPING,https://www.usaspending.gov/award/CONT_AWD_36C77026F0003_3600_HTC71123DC023_9700,2026-09-25T12:38:19.046Z
75H71320C00001,"THE NATIVE AMERICAN REHABILITATION ASSOCIATION OF THE NORTHWEST, INCORPORATED",KMA9EB4NSB87,Department of Health and Human Services,Indian Health Service,23502259,21735822.62,DEFINITIVE CONTRACT,621999,ALL OTHER MISCELLANEOUS AMBULATORY HEALTH CARE SERVICES,Q999,MEDICAL- OTHER,OR,UNITED STATES,2020-04-17,2024-09-30,"PROVIDE HEALTH CARE AND RESIDENTIAL TREATMENT SERVICES TO AMERICAN INDIANS/ALASKA NATIVES (AI/AN) WITHIN THE PORTLAND, OREGON METROPOLITAN AREA.",https://www.usaspending.gov/award/CONT_AWD_75H71320C00001_7527_-NONE-_-NONE-,2026-09-25T12:38:19.046Z
73351022F0090,"EXPERIAN INFORMATION SOLUTIONS, INC.",E17NYCW47M57,Small Business Administration,Small Business Administration,23359218.06,23359218.06,DELIVERY ORDER,561450,CREDIT BUREAUS,R611,SUPPORT- ADMINISTRATIVE: CREDIT REPORTING,DC,UNITED STATES,2022-09-30,2024-09-29,LOAN AND LENDER MONITORING SYSTEMS (L/LMS),https://www.usaspending.gov/award/CONT_AWD_73351022F0090_7300_GS23F0356P_4730,2026-09-25T12:38:19.046Z
12314424F0522,VISION COVE SOLUTIONS LLC,ML28SGT8TK65,Department of Agriculture,Office of the Chief Financial Officer,23133789.32,10608885.14,DELIVERY ORDER,541512,COMPUTER SYSTEMS DESIGN SERVICES,DA10,IT AND TELECOM - BUSINESS APPLICATION/APPLICATION DEVELOPMENT SOFTWARE AS A SERVICE,VA,UNITED STATES,2024-09-23,2029-09-22,SERVICENOW PLATFORM SUPPORT SERVICES,https://www.usaspending.gov/award/CONT_AWD_12314424F0522_1205_12314424G0049_1205,2026-09-25T12:38:19.046Z
68HE0223F0053,"HYDROGEOLOGIC, INC.",S7Q4GKNGGA81,Environmental Protection Agency,Environmental Protection Agency,22973222.64,3481519.17,DELIVERY ORDER,562910,REMEDIATION SERVICES,F108,ENVIRONMENTAL SYSTEMS PROTECTION- ENVIRONMENTAL REMEDIATION,PR,UNITED STATES,2023-10-01,2027-03-31,RES PESTICIDE WAREHOUSE III (OU1 & OU2) SUPERFUND SITE (SSID 02RP) REMEDIAL ACTION (RA),https://www.usaspending.gov/award/CONT_AWD_68HE0223F0053_6800_68HERH19D0010_6800,2026-09-25T12:38:19.046Z
47PC0323C0002,STANTEC CONSULTING SERVICES INC.,HAKDPJ5Q18X5,General Services Administration,Public Buildings Service,22939470.53,8563781.29,DEFINITIVE CONTRACT,541310,ARCHITECTURAL SERVICES,C1AA,ARCHITECT AND ENGINEERING- CONSTRUCTION: OFFICE BUILDINGS,PR,UNITED STATES,2022-11-10,2027-02-22,"ARCHITECT-ENGINEER (A/E) SERVICES FOR A NEW U.S. COURTHOUSE  ANNEX FEDERICO DEGETAU FEDERAL BUILDING AND CLEMENTE RUIZ  NAZARIO U.S. COURTHOUSE HATO REY, PR, 00918.",https://www.usaspending.gov/award/CONT_AWD_47PC0323C0002_4740_-NONE-_-NONE-,2026-09-25T12:38:19.046Z
80GRC023CA017,OSI VISION LLC,K9MCL74ARMP3,National Aeronautics and Space Administration,National Aeronautics and Space Administration,22911678.85,18038883.45,DEFINITIVE CONTRACT,611430,PROFESSIONAL AND MANAGEMENT DEVELOPMENT TRAINING,U001,EDUCATION/TRAINING- LECTURES,FL,UNITED STATES,2023-06-02,2027-10-31,TECHNICAL WORKFORCE EDUCATION AND EXPERTISE DEVELOPMENT SERVICES (TWEEDS) IN SUPPORT OF THE APPEL KS PROGRAM,https://www.usaspending.gov/award/CONT_AWD_80GRC023CA017_8000_-NONE-_-NONE-,2026-09-25T12:38:19.046Z
70RCSJ23FR0000047,"TIER TECH INTERNATIONAL, INC.",JZQ9M79MFAF3,Department of Homeland Security,Office of Procurement Operations,22885593.77,12990362.93,DELIVERY ORDER,453998,ALL OTHER MISCELLANEOUS STORE RETAILERS (EXCEPT TOBACCO STORES),U009,EDUCATION/TRAINING- GENERAL,VA,UNITED STATES,2023-09-15,2028-09-14,CYBERSECURITY AND INFRASTRUCTURE SECURITY AGENCY (CISA) COUNTER-IMPROVISED EXPLOSIVE DEVICE TECHNICAL ASSISTANCE & SERVICES.,https://www.usaspending.gov/award/CONT_AWD_70RCSJ23FR0000047_7001_GS07F0345V_4730,2026-09-25T12:38:19.046Z
89303325FEM400461,"NAVARRO RESEARCH AND ENGINEERING, INC.",CQJFK8JL6MM7,Department of Energy,Department of Energy,22847370,8912521.68,DELIVERY ORDER,562910,REMEDIATION SERVICES,F999,OTHER ENVIRONMENTAL SERVICES,NV,UNITED STATES,2025-08-14,2027-04-30,NEVADA EPS TASK ORDER 4: ANCILLARY PLANT FACILITIES AND AREAS (APFA),https://www.usaspending.gov/award/CONT_AWD_89303325FEM400461_8900_89303320DEM000037_8900,2026-09-25T12:38:19.046Z
72066822C00003,"AMENTUM SERVICES, INC.",QEMLRQA7PLG4,Agency for International Development,Agency for International Development,22765260,22633159.38,DEFINITIVE CONTRACT,238210,ELECTRICAL CONTRACTORS AND OTHER WIRING INSTALLATION CONTRACTORS,N059,INSTALLATION OF EQUIPMENT- ELECTRICAL AND ELECTRONIC EQUIPMENT COMPONENTS,,SOUTH SUDAN,2022-11-16,2026-02-17,THE PURPOSE OF THIS CONTRACT IS TO PROVIDE DESIGN-BUILD SERVICES FOR US EMBASSY JUBA COMPOUND ELECTRICAL UPGRADE AS FURTHER DESCRIBED IN DETAIL IN SECTION C OF THE STATEMENT OF WORK.,https://www.usaspending.gov/award/CONT_AWD_72066822C00003_7200_-NONE-_-NONE-,2026-09-25T12:38:19.046Z
36C24821C0066,POINTER CONSTRUCTION GROUP LLC,RNUHGU3NWEC8,Department of Veterans Affairs,Department of Veterans Affairs,22749980.04,,DEFINITIVE CONTRACT,236220,COMMERCIAL AND INSTITUTIONAL BUILDING CONSTRUCTION,Y1DA,CONSTRUCTION OF HOSPITALS AND INFIRMARIES,FL,UNITED STATES,2021-09-30,2026-11-04,CONSTRUCTION - CORRECT SPS FUNCTIONAL DEFICIENCIES,https://www.usaspending.gov/award/CONT_AWD_36C24821C0066_3600_-NONE-_-NONE-,2026-09-25T12:38:19.046Z
75H70124C00010,STRUCTSURE PROJECTS INC,F3K2LWVKFLX9,Department of Health and Human Services,Indian Health Service,22590536,18993933.62,DEFINITIVE CONTRACT,236220,COMMERCIAL AND INSTITUTIONAL BUILDING CONSTRUCTION,Z2DA,REPAIR OR ALTERATION OF HOSPITALS AND INFIRMARIES,OK,UNITED STATES,2024-02-12,2027-04-07,"LAWTON INDIAN HOSPITAL EMERGENCY DEPARTMENT, IMAGING SERVICES & LABORATORY EXPANSION & RENOVATION",https://www.usaspending.gov/award/CONT_AWD_75H70124C00010_7527_-NONE-_-NONE-,2026-09-25T12:38:19.046Z
47QFEA25F0005,BOOZ ALLEN HAMILTON INC,JCBMLGPE6Z71,General Services Administration,Federal Acquisition Service,22577368.92,0,DELIVERY ORDER,541511,CUSTOM COMPUTER PROGRAMMING SERVICES,DA01,IT AND TELECOM - BUSINESS APPLICATION/APPLICATION DEVELOPMENT SUPPORT SERVICES (LABOR),DC,UNITED STATES,2025-03-27,2026-09-26,HALE BOPP BRIDGE CONTRACT,https://www.usaspending.gov/award/CONT_AWD_47QFEA25F0005_4732_GS35F386DA_4732,2026-09-25T12:38:19.046Z
70RTAC26FC0000021,"CACI NSS, LLC",EELEC8QCC3N8,Department of Homeland Security,Office of Procurement Operations,22566836.64,0,BPA CALL,541519,OTHER COMPUTER RELATED SERVICES,DE01,"IT and Telecom - End User: Help Desk; Tier 1-2, Workspace, Print, Output, Productivity Tools (Labor)",VA,UNITED STATES,2026-07-16,2027-02-15,TO PROVIDES EFFECTIVE OPERATIONAL AND MANAGEMENT SOLUTIONS TO FACILITATE THE SUSTAINABILITY AND ADMINISTRATION OF THE INFORMATION TECHNOLOGY (IT) SYSTEMS IN SUPPORT OF THE DHS HEADQUARTERS (HQ) MGMT DIRECTORATE AND COMPONENT MISSION REQUIREMENTS.,https://www.usaspending.gov/award/CONT_AWD_70RTAC26FC0000021_7001_70RTAC25A00000015_7001,2026-09-25T12:38:19.046Z
70RDA126FR0000001,"GENERAL DYNAMICS INFORMATION TECHNOLOGY, INC.",SMNWM6HN79X5,Department of Homeland Security,Office of Procurement Operations,22506638.72,7601282.61,DELIVERY ORDER,541512,COMPUTER SYSTEMS DESIGN SERVICES,DA01,IT AND TELECOM - BUSINESS APPLICATION/APPLICATION DEVELOPMENT SUPPORT SERVICES (LABOR),VA,UNITED STATES,2025-11-05,2027-05-04,OBIM MISSION SYSTEMS LIFECYCLE SUPPORT (MSLS),https://www.usaspending.gov/award/CONT_AWD_70RDA126FR0000001_7001_47QTCK18D0003_4732,2026-09-25T12:38:19.046Z
49100421F0206,LYNKER CORPORATION,MCLPKDBCDKY7,National Science Foundation,National Science Foundation,22410407.03,19222792.67,DELIVERY ORDER,541511,CUSTOM COMPUTER PROGRAMMING SERVICES,DA01,IT AND TELECOM - BUSINESS APPLICATION/APPLICATION DEVELOPMENT SUPPORT SERVICES (LABOR),VA,UNITED STATES,2021-11-10,2027-05-24,DATA SYSTEMS SUPPORT FOR NCSES,https://www.usaspending.gov/award/CONT_AWD_49100421F0206_4900_47QTCA19D00GN_4732,2026-09-25T12:38:19.046Z
75D30122C15179,CITY OF NEW YORK FIRE DEPARTMENT,J3FGHB9U5MC3,Department of Health and Human Services,Centers for Disease Control and Prevention,22250640.65,14225735.71,DEFINITIVE CONTRACT,923120,ADMINISTRATION OF PUBLIC HEALTH PROGRAMS,R499,SUPPORT- PROFESSIONAL: OTHER,NY,UNITED STATES,2022-09-29,2027-08-31,DATA CENTER 1 SERVICES TO THE WTCHP,https://www.usaspending.gov/award/CONT_AWD_75D30122C15179_7523_-NONE-_-NONE-,2026-09-25T12:38:19.046Z
91003121F0320,PPS INFOTECH LLC,FFBKZK49R7M9,Department of Education,Department of Education,22243507.19,20868274.18,DELIVERY ORDER,541519,OTHER COMPUTER RELATED SERVICES,DA10,IT AND TELECOM - BUSINESS APPLICATION/APPLICATION DEVELOPMENT SOFTWARE AS A SERVICE,MD,UNITED STATES,2021-06-21,2026-12-29,THIS TASK ORDER IS FOR THE FEDERAL TAXPAYER INFORMATION (FTI) MODULE SUPPORT SERVICES.,https://www.usaspending.gov/award/CONT_AWD_91003121F0320_9100_91003119D0004_9100,2026-09-25T12:38:19.046Z
70CTD026FC0000041,"FCN, INC.",JEANDJTZ8HJ3,Department of Homeland Security,U.S. Immigration and Customs Enforcement,21931770.66,,BPA CALL,541519,OTHER COMPUTER RELATED SERVICES,7G21,IT AND TELECOM - NETWORK: DIGITAL NETWORK PRODUCTS (HARDWARE AND PERPETUAL LICENSE SOFTWARE),DC,UNITED STATES,2026-09-24,2027-09-23,"THIS INFORMATION TECHNOLOGY CLIENT DEVICE REFRESH BLANKET PURCHASE AGREEMENT CALL PROVIDES ICE THE DELIVERY OF LAPTOPS, TABLETS, DESKTOPS, MONITORS & ACCESSORIES FOR OFFICE OF THE CHIEF INFORMATION OFFICER",https://www.usaspending.gov/award/CONT_AWD_70CTD026FC0000041_7012_70CTD023A00000001_7012,2026-09-25T12:38:19.046Z
2031JG26F71128,"PMX INDUSTRIES, INC.",L331KLRZBPY4,Department of the Treasury,United States Mint,21899156.14,,DELIVERY ORDER,331420,"COPPER ROLLING, DRAWING, EXTRUDING, AND ALLOYING",9535,"PLATE, SHEET, STRIP, AND FOIL; NONFERROUS BASE METAL",IA,UNITED STATES,2026-09-01,2026-10-05,BASE METAL COIL AND FREIGHT  MINT MAC BASE METAL STRIP,https://www.usaspending.gov/award/CONT_AWD_2031JG26F71128_2044_2031JG23D00002_2044,2026-09-25T12:38:19.046Z
70CTD023FR0000148,"MOTOROLA SOLUTIONS, INC.",HFK9V1G2B513,Department of Homeland Security,U.S. Immigration and Customs Enforcement,21816061.37,15577630.03,DELIVERY ORDER,541330,ENGINEERING SERVICES,5820,"RADIO AND TELEVISION COMMUNICATION EQUIPMENT, EXCEPT AIRBORNE",DC,UNITED STATES,2023-09-25,2027-05-02,ICE REQUIRES ASTRO 25 SECURITY UPDATE SERVICE (SUS) AND (40) HOURS PER MONTH OF CYBERSECURITY ENGINEERING SUPPORT TO MITIGATE CYBERSECURITY RISK.,https://www.usaspending.gov/award/CONT_AWD_70CTD023FR0000148_7012_70B04C19D00000035_7014,2026-09-25T12:38:19.046Z
75N90022C00017,"UNIVERSITY OF MARYLAND, BALTIMORE",Z9CRZKD42ZT1,Department of Health and Human Services,National Institutes of Health,21807349.8,10683255.23,DEFINITIVE CONTRACT,541990,"ALL OTHER PROFESSIONAL, SCIENTIFIC, AND TECHNICAL SERVICES",R499,SUPPORT- PROFESSIONAL: OTHER,MD,UNITED STATES,2022-09-28,2027-09-17,STATE OF MARYLAND:1108634 [22-010136]  SUPPORT FOR OFFICE OF AIDS RESEARCH INITIATIVE RESEARCH GRANT ACTIVITIES,https://www.usaspending.gov/award/CONT_AWD_75N90022C00017_7529_-NONE-_-NONE-,2026-09-25T12:38:19.046Z
47QFHA25F0011,DELOITTE CONSULTING LLP,CKV2L9GZKJK3,General Services Administration,Federal Acquisition Service,21776417.62,,DELIVERY ORDER,541611,ADMINISTRATIVE MANAGEMENT AND GENERAL MANAGEMENT CONSULTING SERVICES,R499,SUPPORT- PROFESSIONAL: OTHER,DC,UNITED STATES,2025-09-30,2027-09-29,THIS ACTION IS TO AWARD THE BASE AND 2 OPTION YEARS FOR THE PRISM FHPMO TASK ORDER,https://www.usaspending.gov/award/CONT_AWD_47QFHA25F0011_4732_47QFHA24D0002_4732,2026-09-25T12:38:19.046Z
205AE926F00100,PALANTIR TECHNOLOGIES INC.,FSY4LVSBGWB7,Department of the Treasury,Internal Revenue Service,21707685.05,,BPA CALL,513210,SOFTWARE PUBLISHERS,DA01,IT AND TELECOM - BUSINESS APPLICATION/APPLICATION DEVELOPMENT SUPPORT SERVICES (LABOR),CO,UNITED STATES,2026-09-23,2027-08-23,COMPLIANCE HUB IRS CASE SELECTION. SOFTWARE LICENSES PLUS OPERATIONS AND MAINTENANCE,https://www.usaspending.gov/award/CONT_AWD_205AE926F00100_2050_2023H225A00002_2050,2026-09-25T12:38:19.046Z
140D0422F0467,VOIGT PETERS ASSOCIATES LLC,EKZKYBYZTRK3,Department of the Interior,Departmental Offices,21668497.23,16457451.34,DELIVERY ORDER,541611,ADMINISTRATIVE MANAGEMENT AND GENERAL MANAGEMENT CONSULTING SERVICES,R408,SUPPORT- PROFESSIONAL: PROGRAM MANAGEMENT/SUPPORT,DC,UNITED STATES,2022-06-10,2026-10-31,ACQUISITION SUPPORT SERVICES ON BEHALF OF HHS/ACF/OPRE,https://www.usaspending.gov/award/CONT_AWD_140D0422F0467_1406_GS00F048GA_4732,2026-09-25T12:38:19.046Z
70B01C24C00000062,"UNALAKLEET-INTEGRIWARD JV, LLC",C2CWMUCKSGZ7,Department of Homeland Security,U.S. Customs and Border Protection,21342982.24,11854366.57,DEFINITIVE CONTRACT,561210,FACILITIES SUPPORT SERVICES,Z2AA,REPAIR OR ALTERATION OF OFFICE BUILDINGS,PA,UNITED STATES,2024-08-20,2027-08-19,"OPERATIONS AND MAINTENANCE SERVICES FOR THE CBP ADVANCED TRAINING CENTER AT HARPERS FERRY, WV",https://www.usaspending.gov/award/CONT_AWD_70B01C24C00000062_7014_-NONE-_-NONE-,2026-09-25T12:38:19.046Z
36C77626C0197,SAWTOOTH CONSTRUCTION JV II LLC,VM5QV68M2NU4,Department of Veterans Affairs,Department of Veterans Affairs,21304758,,DEFINITIVE CONTRACT,236220,COMMERCIAL AND INSTITUTIONAL BUILDING CONSTRUCTION,Y1DA,CONSTRUCTION OF HOSPITALS AND INFIRMARIES,VA,UNITED STATES,2026-10-05,2028-09-19,GENERAL CONSTRUCTION OF AN ICU AND THE CONSOLIDATION OF THAT SPACE IN A VAMC.,https://www.usaspending.gov/award/CONT_AWD_36C77626C0197_3600_-NONE-_-NONE-,2026-09-25T12:38:19.046Z
47QFLA22F0075,"GENERAL DYNAMICS INFORMATION TECHNOLOGY, INC.",SMNWM6HN79X5,General Services Administration,Federal Acquisition Service,21270347.1,-1.45,DELIVERY ORDER,541330,ENGINEERING SERVICES,F999,OTHER ENVIRONMENTAL SERVICES,IL,UNITED STATES,2022-03-20,2027-03-19,SCIENTIFIC AND TECHNICAL SUPPORT FOR THE GREAT LAKES NATIONAL PROGRAM OFFICE,https://www.usaspending.gov/award/CONT_AWD_47QFLA22F0075_4732_GS00Q14OADU116_4732,2026-09-25T12:38:19.046Z
47QSWC26F0018,"SEALITE USA, LLC",FFT1JFF9B766,General Services Administration,Federal Acquisition Service,21265369.34,,BPA CALL,333924,"INDUSTRIAL TRUCK, TRACTOR, TRAILER, AND STACKER MACHINERY MANUFACTURING",6230,ELECTRIC PORTABLE AND HAND LIGHTING EQUIPMENT,GA,UNITED STATES,2026-01-05,2026-12-31,BPA CALL ORDER EALS KITS,https://www.usaspending.gov/award/CONT_AWD_47QSWC26F0018_4732_47QSWC24A0004_4732,2026-09-25T12:38:19.046Z
12C0BZ26F0008,GUIDEHOUSE INC.,N9NJK877QJK9,Department of Agriculture,Rural Housing Service,21165337.17,,BPA CALL,541611,ADMINISTRATIVE MANAGEMENT AND GENERAL MANAGEMENT CONSULTING SERVICES,R710,SUPPORT- MANAGEMENT: FINANCIAL,MO,UNITED STATES,2026-09-27,2027-09-26,SERVICING OFFICE BPA CALL ORDER 1,https://www.usaspending.gov/award/CONT_AWD_12C0BZ26F0008_12E3_12C0BZ26A0001_12E3,2026-09-25T12:38:19.046Z
2031JG26F70146,"WIELAND ROLLED PRODUCTS NORTH AMERICA, LLC",LCCMM1A56RP1,Department of the Treasury,United States Mint,21078783.9,,DELIVERY ORDER,331420,"COPPER ROLLING, DRAWING, EXTRUDING, AND ALLOYING",9535,"PLATE, SHEET, STRIP, AND FOIL; NONFERROUS BASE METAL",KY,UNITED STATES,2026-09-01,2026-10-08,BASE METAL STRIP AND FREIGHT  MINT MAC BASE METAL STRIP,https://www.usaspending.gov/award/CONT_AWD_2031JG26F70146_2044_2031JG23D00001_2044,2026-09-25T12:38:19.046Z
47QFEA24F0001,BOOZ ALLEN HAMILTON INC,JCBMLGPE6Z71,General Services Administration,Federal Acquisition Service,21046165.81,0,DELIVERY ORDER,541330,ENGINEERING SERVICES,R425,SUPPORT- PROFESSIONAL: ENGINEERING/TECHNICAL,VA,UNITED STATES,2024-04-04,2027-04-03,DHS MODEL & SIMULATION TRAINING,https://www.usaspending.gov/award/CONT_AWD_47QFEA24F0001_4732_GS00Q14OADU108_4732,2026-09-25T12:38:19.046Z
89233124FNA400580,PARSONS GOVERNMENT SERVICES INTERNATIONAL INC.,E8E4EKJKKJW7,Department of Energy,Department of Energy,21002731,4655681.76,DELIVERY ORDER,541990,"ALL OTHER PROFESSIONAL, SCIENTIFIC, AND TECHNICAL SERVICES",R425,SUPPORT- PROFESSIONAL: ENGINEERING/TECHNICAL,,MAURITIUS,2024-04-01,2028-06-30,"TASKS INCLUDE DESIGN, INTEGRATION, CONSTRUCTION, COMMUNICATIONS, LOGISTICS, TRAINING, AND EQUIPMENT PROCUREMENT TO SUPPORT THE DEPLOYMENT OF COUNTER NUCLEAR SMUGGLING SYSTEMS.  EXAMPLES OF COUNTER NUCLEAR SMUGGLING SYSTEM COMPONENTS INCLUDE BUT ARE N",https://www.usaspending.gov/award/CONT_AWD_89233124FNA400580_8900_89233124DNA000055_8900,2026-09-25T12:38:19.046Z
70SBUR24C00000007,"AKIAK TECHNOLOGY, LLC",KYADDK2PAH61,Department of Homeland Security,U.S. Citizenship and Immigration Services,20914104.26,14757028.8,DEFINITIVE CONTRACT,541519,OTHER COMPUTER RELATED SERVICES,DA01,IT AND TELECOM - BUSINESS APPLICATION/APPLICATION DEVELOPMENT SUPPORT SERVICES (LABOR),MD,UNITED STATES,2024-09-27,2026-12-26,"THE OFFICE OF INFORMATION TECHNOLOGY (OIT) REQUIRE CUSTOMER SERVICE, ACCOUNTS, AND INTEGRATION (CSAI) SERVICES. THESE SERVICES WILL ALLOW FOR USCIS-OIT OFFICE OF CHIEF INFORMATION OFFICER (CIO) TO OPERATIONALIZE THE INTEGRATED ONLINE ACCOUNT EXPERIEN",https://www.usaspending.gov/award/CONT_AWD_70SBUR24C00000007_7003_-NONE-_-NONE-,2026-09-25T12:38:19.046Z
36C77626C0001,SEMPER TEK CMS JV LLC,ZFXSBWEQK1N7,Department of Veterans Affairs,Department of Veterans Affairs,20903929.09,,DEFINITIVE CONTRACT,236220,COMMERCIAL AND INSTITUTIONAL BUILDING CONSTRUCTION,Y1DA,CONSTRUCTION OF HOSPITALS AND INFIRMARIES,KY,UNITED STATES,2025-10-30,2027-10-01,CONTRACTOR IS TO PROVIDE ALL CONSTRUCTION SERVICES TO COMPLETE THE ELECTRONIC HEALTH RECORD MODERNIZATION INFRASTRUCTURE UPGRADES CONSTRUCTION PROJECT AT THE LEXINGTON-LEESTOWN VAMC.,https://www.usaspending.gov/award/CONT_AWD_36C77626C0001_3600_-NONE-_-NONE-,2026-09-25T12:38:19.046Z
19AQMM25F7008,IMPROVIX TECHNOLOGIES INC,JDP4LVPK5JR9,Department of State,Department of State,20786011.92,0,BPA CALL,541512,COMPUTER SYSTEMS DESIGN SERVICES,DF01,IT AND TELECOM - IT MANAGEMENT SUPPORT SERVICES (LABOR),DC,UNITED STATES,2024-11-15,2026-05-14,FOLLOW ON CALL ORDER FOR 19AQMM19S0296 - EXECTECH ITSS  POP: 11/5/24 - 11/14/25,https://www.usaspending.gov/award/CONT_AWD_19AQMM25F7008_1900_19AQMM19A0208_1900,2026-09-25T12:38:19.046Z
36C10B26F0237,THUNDERYARD SOLUTIONS LLC,KVN6RKMNNJX4,Department of Veterans Affairs,Department of Veterans Affairs,20681965.44,0,DELIVERY ORDER,541519,OTHER COMPUTER RELATED SERVICES,DA10,IT AND TELECOM - BUSINESS APPLICATION/APPLICATION DEVELOPMENT SOFTWARE AS A SERVICE,OH,UNITED STATES,2026-07-31,2027-09-24,HAPS PLATFORM OPERATIONS,https://www.usaspending.gov/award/CONT_AWD_36C10B26F0237_3600_47QTCA24D00AA_4732,2026-09-25T12:38:19.046Z
80MSFC25C0005,"AHTNA TARGET JV, LLC",KXAGA7SBQ968,National Aeronautics and Space Administration,National Aeronautics and Space Administration,20600869.06,12367797.87,DEFINITIVE CONTRACT,562910,REMEDIATION SERVICES,P500,SALVAGE- DEMOLITION OF STRUCTURES/FACILITIES (OTHER THAN BUILDINGS),AL,UNITED STATES,2025-07-21,2027-07-30,CENTER WIDE DEMOLITION OF ABANDONED STRUCTURES AND BUILDINGS NO LONGER IN USE BY MSFC OR THE AGENCY LOCATED ON MSFC.,https://www.usaspending.gov/award/CONT_AWD_80MSFC25C0005_8000_-NONE-_-NONE-,2026-09-25T12:38:19.046Z
75N98125F00001,JCS SOLUTIONS LLC,KK2AW3NSF3U5,Department of Health and Human Services,National Institutes of Health,20578790.4,7640596.8,DELIVERY ORDER,541512,COMPUTER SYSTEMS DESIGN SERVICES,DA01,IT AND TELECOM - BUSINESS APPLICATION/APPLICATION DEVELOPMENT SUPPORT SERVICES (LABOR),VA,UNITED STATES,2025-09-29,2027-09-28,"TO PROVIDE PLANNING, OPERATIONS, MAINTENANCE AND END-USER SUPPORT FOR IT SERVICES TO NICHD IN SUPPORT OF NICHD MISSION AND SUPPORTS NICHD AND/OR NIH STAFF IN THE EFFICIENT AND EFFECTIVE UTILIZATION OF THESE CAPABILITIES.",https://www.usaspending.gov/award/CONT_AWD_75N98125F00001_7529_75N98120D00169_7529,2026-09-25T12:38:19.046Z
89303022FCF000026,ACQUISITION RESEARCH & LOGISTICS INC,PFUAD7EGQCB5,Department of Energy,Department of Energy,20545393.5,16317456.59,BPA CALL,541611,ADMINISTRATIVE MANAGEMENT AND GENERAL MANAGEMENT CONSULTING SERVICES,R699,SUPPORT- ADMINISTRATIVE: OTHER,DC,UNITED STATES,2022-05-31,2027-05-30,"THE CONTRACTOR WILL PROVIDE SPECIALIZED MANAGEMENT CONSULTING, ADMINISTRATIVE AND TECHNICAL EXPERTISE IN SUPPORT OF THE CORPORATE BUSINESS SYSTEMS (CBS) PROGRAM AND THE OCFOS RELATED STRATEGIC GOALS OBJECTIVES AND PRIORITIES",https://www.usaspending.gov/award/CONT_AWD_89303022FCF000026_8900_89303019AMA000010_8900,2026-09-25T12:38:19.046Z
89233119CNA000081,CHENEGA PROFESSIONAL & TECHNICAL SERVICES LLC,ECMESLV5KNB1,Department of Energy,Department of Energy,20497256.05,15489494.61,DEFINITIVE CONTRACT,541511,CUSTOM COMPUTER PROGRAMMING SERVICES,D305,"IT AND TELECOM – TELEPROCESSING, TIMESHARE, CLOUD COMPUTING, AND HIGH PERFORMANCE COMPUTING",NM,UNITED STATES,2019-09-30,2027-03-26,CLEARANCE ACTION TRACKING SYSTEM (CATS) DEVELOPMENT&MAINTENANCE,https://www.usaspending.gov/award/CONT_AWD_89233119CNA000081_8900_-NONE-_-NONE-,2026-09-25T12:38:19.046Z
140A1621F0141,ALEUT CONSTRUCTION LLC,LJN1TVHWPFL6,Department of the Interior,Bureau of Indian Affairs and Bureau of Indian Education,20437152.69,6479857.62,DELIVERY ORDER,236220,COMMERCIAL AND INSTITUTIONAL BUILDING CONSTRUCTION,C1CA,ARCHITECT AND ENGINEERING- CONSTRUCTION: SCHOOLS,NM,UNITED STATES,2021-09-20,2027-02-22,DESGN BLD-REPLACEMENT ATSA BIYAAZH DORM,https://www.usaspending.gov/award/CONT_AWD_140A1621F0141_1450_140A1618D0006_1450,2026-09-25T12:38:19.046Z
80KSC023CA014,"A. WEST ENTERPRISE, LLC",U747Y6MFX2A5,National Aeronautics and Space Administration,National Aeronautics and Space Administration,20430800,13094336.43,DEFINITIVE CONTRACT,237130,POWER AND COMMUNICATION LINE AND RELATED STRUCTURES CONSTRUCTION,Z2EZ,REPAIR OR ALTERATION OF OTHER INDUSTRIAL BUILDINGS,FL,UNITED STATES,2023-08-28,2029-06-25,"REPLACE NEIL ARMSTRONG OPERATIONS AND CHECKOUT (O&C) SOUTH WING ELECTRICAL DISTRIBUTION EQUIPMENT AT KENNEDY SPACE CENTER, FL.",https://www.usaspending.gov/award/CONT_AWD_80KSC023CA014_8000_-NONE-_-NONE-,2026-09-25T12:38:19.046Z
80KSC021F0014,AEGIS AEROSPACE INC,URAWZCAL5KM7,National Aeronautics and Space Administration,National Aeronautics and Space Administration,20430797.83,18742885.87,DELIVERY ORDER,541715,"RESEARCH AND DEVELOPMENT IN THE PHYSICAL, ENGINEERING, AND LIFE SCIENCES (EXCEPT NANOTECHNOLOGY AND BIOTECHNOLOGY)",AR14,"SPACE R&D SERVICES; SPACE FLIGHT, RESEARCH AND SUPPORTING ACTIVITIES; R&D ADMINISTRATIVE EXPENSES",FL,UNITED STATES,2020-11-30,2026-11-29,DEEP SPACE LOGISTICS ENGINEERING SUPPORT (LENS) TASK ORDER ISSUED UNDER THE GENERAL SERVICES ADMINISTRATION (GSA) ONE ACQUISITION SOLUTION FOR INTEGRATED SERVICES (OASIS).,https://www.usaspending.gov/award/CONT_AWD_80KSC021F0014_8000_47QRAD20D6002_4732,2026-09-25T12:38:19.046Z
140D0425F0775,"GENERAL DYNAMICS INFORMATION TECHNOLOGY, INC.",SMNWM6HN79X5,Department of the Interior,Departmental Offices,20316008.3,14627014.47,DELIVERY ORDER,541512,COMPUTER SYSTEMS DESIGN SERVICES,DA01,IT AND TELECOM - BUSINESS APPLICATION/APPLICATION DEVELOPMENT SUPPORT SERVICES (LABOR),MD,UNITED STATES,2025-08-15,2026-07-23,"NIH NIAID CYBER TECHNOLOGY INFRASTRUCTURE SYSTEMS SUPPORT SERVICES IN SUPPORT OF THE NATIONAL INSTITUTES OF HEALTH, NATIONAL INSTITUTE OF ALLERGY AND INFECTIOUS DISEASES (NIAID), OFFICE OF CYBER INFRASTRUCTURE AND COMPUTATIONAL BIOLOGY (OCICB).",https://www.usaspending.gov/award/CONT_AWD_140D0425F0775_1406_HHSN316201200023W_7529,2026-09-25T12:38:19.046Z
12760423F0369,"ICF INCORPORATED, L.L.C.",QHBLBNKKV4U3,Department of Agriculture,Forest Service,20286239.57,13461605.56,DELIVERY ORDER,541511,CUSTOM COMPUTER PROGRAMMING SERVICES,DH10,"IT AND TELECOM - PLATFORM AS A SERVICE: DATABASE, MAINFRAME, MIDDLEWARE",VA,UNITED STATES,2023-10-01,2027-09-30,ENTERPRISE GEOSPATIAL PORTAL NEXT GENERATION,https://www.usaspending.gov/award/CONT_AWD_12760423F0369_12C2_GS35F328DA_4732,2026-09-25T12:38:19.046Z
36C77624C0112,R.T CONTRACTOR CORP.,EYZKZNRMNJA8,Department of Veterans Affairs,Department of Veterans Affairs,20256236.79,,DEFINITIVE CONTRACT,236220,COMMERCIAL AND INSTITUTIONAL BUILDING CONSTRUCTION,Y1LZ,CONSTRUCTION OF PARKING FACILITIES,CA,UNITED STATES,2024-09-12,2027-02-06,CONSTRUCT NEW PARKING STRUCTURE,https://www.usaspending.gov/award/CONT_AWD_36C77624C0112_3600_-NONE-_-NONE-,2026-09-25T12:38:19.046Z
47QFLA25F0085,"SEV1TECH, LLC",HST3AH9JCNN1,General Services Administration,Federal Acquisition Service,20090788.6,,DELIVERY ORDER,541715,"RESEARCH AND DEVELOPMENT IN THE PHYSICAL, ENGINEERING, AND LIFE SCIENCES (EXCEPT NANOTECHNOLOGY AND BIOTECHNOLOGY)",AJ12,GENERAL SCIENCE AND TECHNOLOGY R&D SERVICES; GENERAL SCIENCE AND TECHNOLOGY; APPLIED RESEARCH,PA,UNITED STATES,2025-09-22,2027-09-21,OIS IT AND FLEET SUPPORT SERVICES,https://www.usaspending.gov/award/CONT_AWD_47QFLA25F0085_4732_47QFLA21D0014_4732,2026-09-25T12:38:19.046Z
91990026F0093,KAPTIVATE LLC,NUKYJ4GD9A35,Department of Education,Department of Education,20055174.58,,BPA CALL,541511,CUSTOM COMPUTER PROGRAMMING SERVICES,U006,EDUCATION/TRAINING- VOCATIONAL/TECHNICAL,DC,UNITED STATES,2026-09-21,2029-09-20,"THE CHALLENGE WILL SUPPORT THE DEVELOPMENT OF COLLABORATIVE ECOSYSTEMS THAT INCLUDE SECONDARY AND POSTSECONDARY EDUCATION SYSTEMS, ADULT EDUCATION PROVIDERS, EMPLOYERS, WORKFORCE ENTITIES, AND COMMUNITY PARTNERS, WITH THE GOAL OF IMPROVING STUDENT AC",https://www.usaspending.gov/award/CONT_AWD_91990026F0093_9100_91990021A0017_9100,2026-09-25T12:38:19.046Z
DEDT0003945,SES-TECH GLOBAL SOLUTIONS,HFYMLCMCLUF9,Department of Energy,Department of Energy,20023381.83,122013.89,DELIVERY ORDER,237990,OTHER HEAVY AND CIVIL ENGINEERING CONSTRUCTION,Y1PZ,CONSTRUCTION OF OTHER NON-BUILDING FACILITIES,WA,UNITED STATES,2012-06-04,2019-01-31,SES-TECH PROGRAM MANAGEMENT SUPPORT FOR ASSISTANT DEPUTY ADMINISTRATOR FOR INTERNATIONAL MATERIAL PROTECTION&COOPERATION - NA-25.,https://www.usaspending.gov/award/CONT_AWD_DEDT0003945_8900_DEAM5208NA28893_8900,2026-09-25T12:38:19.046Z
70CMSW26P00000057,STARKEY LABORATORIES INC,JJ2LV57KNKL7,Department of Homeland Security,U.S. Immigration and Customs Enforcement,19998693,,PURCHASE ORDER,334510,ELECTROMEDICAL AND ELECTROTHERAPEUTIC APPARATUS MANUFACTURING,5965,"HEADSETS, HANDSETS, MICROPHONES AND SPEAKERS",GA,UNITED STATES,2026-09-22,2027-09-21,THIS AWARD PROCURES SOUNDGEAR PHANTOM CUSTOM ACTIVE HEARING PROTECTION FOR THE OFFICE OF FIREARMS AND TACTICAL PROGRAMS.,https://www.usaspending.gov/award/CONT_AWD_70CMSW26P00000057_7012_-NONE-_-NONE-,2026-09-25T12:38:19.046Z
